ID,Fecha,Trabajador,Categoria,Tiempo_Gestion_Min,Cantidad_Vendida,Stock_Inicial,Stock_Final
1,2025-04-13,Ana,Antibioticos,8,6,183,177
2,2025-12-31,Luis,Antibioticos,5,5,75,70
3,2025-05-11,Carla,Vitaminas,1,11,186,175
4,2025-02-08,Luis,Antibioticos,7,15,92,77
5,2025-07-10,Ana,Analgésicos,2,3,175,172
6,2025-05-28,Jorge,Vitaminas,9,20,99,79
7,2025-09-19,Jorge,Pediátricos,6,3,26,23
8,2025-12-03,Luis,Antibioticos,7,11,120,109
9,2025-01-08,Jorge,Antibioticos,9,9,54,45
10,2025-02-15,Luis,Pediátricos,8,1,23,22
11,2025-08-12,Ana,Antibioticos,8,1,194,193
12,2025-05-24,Ana,Antibioticos,8,15,148,133
13,2025-08-09,Carla,Analgésicos,7,11,30,19
14,2025-12-18,Carla,Analgésicos,9,9,93,84
15,2025-04-20,Ana,Analgésicos,1,4,67,63
16,2025-08-13,Carla,Pediátricos,7,12,60,48
17,2025-03-05,Jorge,Vitaminas,11,4,34,30
18,2025-06-13,Carla,Vitaminas,1,7,193,186
19,2025-03-29,Ana,Analgésicos,1,13,180,167
20,2025-10-05,Carla,Analgésicos,9,13,169,156
21,2025-11-07,Ana,Pediátricos,9,9,194,185
22,2025-08-08,Carla,Analgésicos,8,19,178,159
23,2025-02-23,Luis,Pediátricos,9,7,168,161
24,2025-03-06,Ana,Pediátricos,10,10,169,159
25,2025-11-16,Jorge,Analgésicos,5,2,91,89
26,2025-11-19,Luis,Vitaminas,4,6,164,158
27,2025-12-01,Luis,Antibioticos,8,16,85,69
28,2025-10-01,Luis,Antibioticos,6,6,58,52
29,2025-10-24,Jorge,Analgésicos,6,1,58,57
30,2025-05-25,Carla,Pediátricos,7,14,117,103
31,2025-06-19,Jorge,Vitaminas,11,2,112,110
32,2025-03-12,Luis,Pediátricos,8,7,79,72
33,2025-02-18,Jorge,Antibioticos,9,15,114,99
34,2025-09-27,Carla,Antibioticos,7,2,71,69
35,2025-03-30,Luis,Analgésicos,3,15,67,52
36,2025-07-04,Ana,Antibioticos,8,3,56,53
37,2025-12-13,Carla,Vitaminas,2,4,115,111
38,2025-09-26,Luis,Pediátricos,6,9,62,53
39,2025-03-10,Luis,Analgésicos,3,20,139,119
40,2025-01-24,Carla,Vitaminas,1,19,28,9
41,2025-01-18,Carla,Vitaminas,2,16,99,83
42,2025-07-30,Jorge,Analgésicos,6,1,162,161
43,2025-03-08,Jorge,Analgésicos,7,10,198,188
44,2025-03-05,Jorge,Vitaminas,8,13,93,80
45,2025-04-26,Carla,Vitaminas,2,13,43,30
46,2025-10-29,Ana,Antibioticos,9,13,50,37
47,2025-04-07,Carla,Pediátricos,10,12,79,67
48,2025-05-02,Jorge,Analgésicos,7,16,147,131
49,2025-07-11,Jorge,Vitaminas,9,5,168,163
50,2025-10-11,Carla,Vitaminas,1,7,190,183
51,2025-12-03,Luis,Analgésicos,4,15,121,106
52,2025-10-25,Jorge,Pediátricos,5,7,30,23
53,2025-10-02,Luis,Vitaminas,3,16,181,165
54,2025-01-20,Carla,Pediátricos,8,7,42,35
55,2025-05-27,Jorge,Vitaminas,8,9,166,157
56,2025-03-18,Jorge,Pediátricos,5,5,155,150
57,2025-03-19,Carla,Pediátricos,7,11,54,43
58,2025-05-28,Carla,Pediátricos,8,20,114,94
59,2025-05-11,Jorge,Pediátricos,5,5,96,91
60,2025-06-04,Jorge,Vitaminas,10,20,195,175
61,2025-04-10,Jorge,Antibioticos,8,15,107,92
62,2025-05-30,Luis,Antibioticos,6,10,130,120
63,2025-09-26,Luis,Antibioticos,5,6,63,57
64,2025-07-08,Jorge,Antibioticos,6,8,164,156
65,2025-02-12,Luis,Vitaminas,4,3,88,85
66,2025-04-04,Carla,Pediátricos,10,4,67,63
67,2025-12-28,Carla,Analgésicos,8,20,121,101
68,2025-01-06,Jorge,Vitaminas,10,15,38,23
69,2025-12-08,Luis,Pediátricos,8,13,102,89
70,2025-11-20,Ana,Pediátricos,9,4,152,148
71,2025-03-09,Carla,Analgésicos,8,15,33,18
72,2025-12-12,Jorge,Antibioticos,7,11,147,136
73,2025-07-19,Carla,Vitaminas,3,8,190,182
74,2025-03-13,Jorge,Analgésicos,5,11,128,117
75,2025-06-24,Carla,Vitaminas,2,16,135,119
76,2025-06-06,Jorge,Analgésicos,7,16,30,14
77,2025-11-05,Luis,Vitaminas,3,1,195,194
78,2025-01-18,Jorge,Pediátricos,3,13,75,62
79,2025-07-06,Ana,Pediátricos,10,9,74,65
80,2025-05-06,Luis,Vitaminas,5,19,89,70
81,2025-02-18,Carla,Antibioticos,7,8,117,109
82,2025-03-05,Luis,Antibioticos,6,7,57,50
83,2025-08-21,Carla,Analgésicos,9,15,78,63
84,2025-10-27,Jorge,Antibioticos,6,19,198,179
85,2025-11-07,Luis,Analgésicos,5,18,70,52
86,2025-11-19,Ana,Antibioticos,9,20,164,144
87,2025-12-07,Luis,Pediátricos,9,12,140,128
88,2025-06-03,Luis,Analgésicos,4,18,193,175
89,2025-06-15,Jorge,Antibioticos,8,9,31,22
90,2025-03-10,Carla,Vitaminas,3,12,85,73
91,2025-12-23,Luis,Vitaminas,4,13,149,136
92,2025-03-26,Carla,Pediátricos,9,1,162,161
93,2025-02-03,Carla,Pediátricos,8,17,73,56
94,2025-11-15,Ana,Analgésicos,3,19,43,24
95,2025-07-10,Jorge,Vitaminas,10,5,187,182
96,2025-10-18,Luis,Analgésicos,5,7,162,155
97,2025-01-30,Carla,Pediátricos,8,5,21,16
98,2025-02-19,Carla,Pediátricos,7,2,66,64
99,2025-09-05,Luis,Analgésicos,3,13,32,19
100,2025-02-08,Carla,Pediátricos,10,11,40,29
101,2025-03-24,Jorge,Analgésicos,6,13,149,136
102,2025-07-30,Carla,Vitaminas,1,3,84,81
103,2025-07-05,Carla,Antibioticos,6,20,46,26
104,2025-03-11,Ana,Pediátricos,10,1,44,43
105,2025-12-29,Carla,Analgésicos,10,11,20,9
106,2025-11-18,Luis,Pediátricos,7,16,171,155
107,2025-03-19,Luis,Analgésicos,5,20,118,98
108,2025-04-20,Ana,Antibioticos,9,6,179,173
109,2025-02-01,Carla,Pediátricos,10,16,120,104
110,2025-06-01,Carla,Analgésicos,8,15,50,35
111,2025-04-10,Luis,Antibioticos,5,19,80,61
112,2025-03-26,Carla,Vitaminas,1,20,152,132
113,2025-08-14,Carla,Pediátricos,10,5,47,42
114,2025-01-19,Jorge,Analgésicos,5,12,39,27
115,2025-09-29,Carla,Pediátricos,10,14,137,123
116,2025-03-20,Carla,Vitaminas,1,14,169,155
117,2025-12-22,Luis,Analgésicos,5,8,20,12
118,2025-03-21,Jorge,Analgésicos,7,15,61,46
119,2025-02-06,Jorge,Vitaminas,10,6,140,134
120,2025-10-14,Carla,Analgésicos,8,2,200,198
121,2025-01-20,Jorge,Analgésicos,6,20,136,116
122,2025-04-03,Ana,Vitaminas,8,4,77,73
123,2025-09-29,Luis,Antibioticos,7,9,23,14
124,2025-11-04,Ana,Pediátricos,10,13,32,19
125,2025-09-24,Ana,Vitaminas,9,11,194,183
126,2025-09-18,Luis,Vitaminas,5,14,181,167
127,2025-07-29,Luis,Pediátricos,8,17,197,180
128,2025-02-16,Luis,Pediátricos,8,13,88,75
129,2025-05-15,Carla,Vitaminas,1,17,36,19
130,2025-01-29,Jorge,Vitaminas,8,2,156,154
131,2025-11-10,Luis,Antibioticos,7,8,93,85
132,2025-12-14,Jorge,Analgésicos,8,12,144,132
133,2025-12-09,Carla,Vitaminas,0,8,84,76
134,2025-03-10,Ana,Analgésicos,2,18,60,42
135,2025-07-21,Luis,Vitaminas,3,14,136,122
136,2025-05-30,Jorge,Vitaminas,8,20,42,22
137,2025-09-07,Ana,Antibioticos,9,7,110,103
138,2025-06-06,Luis,Antibioticos,6,15,175,160
139,2025-12-08,Jorge,Pediátricos,6,15,100,85
140,2025-04-26,Jorge,Vitaminas,9,6,105,99
141,2025-03-17,Ana,Analgésicos,2,20,189,169
142,2025-11-13,Jorge,Analgésicos,7,20,73,53
143,2025-06-19,Carla,Antibioticos,6,9,71,62
144,2025-06-07,Luis,Analgésicos,3,5,37,32
145,2025-02-13,Carla,Pediátricos,8,19,112,93
146,2025-04-05,Jorge,Antibioticos,8,17,94,77
147,2025-12-24,Luis,Antibioticos,8,4,57,53
148,2025-11-16,Luis,Pediátricos,6,13,162,149
149,2025-06-11,Ana,Pediátricos,8,9,25,16
150,2025-11-14,Jorge,Antibioticos,6,18,112,94
151,2025-04-12,Carla,Analgésicos,7,11,40,29
152,2025-08-17,Jorge,Analgésicos,5,7,159,152
153,2025-09-28,Luis,Vitaminas,3,14,167,153
154,2025-01-31,Luis,Antibioticos,7,15,24,9
155,2025-06-18,Ana,Pediátricos,10,16,85,69
156,2025-03-17,Ana,Pediátricos,9,12,197,185
157,2025-03-18,Luis,Antibioticos,8,6,30,24
158,2025-12-12,Jorge,Antibioticos,7,9,74,65
159,2025-02-13,Luis,Pediátricos,6,20,127,107
160,2025-01-08,Jorge,Pediátricos,5,19,147,128
161,2025-01-01,Ana,Pediátricos,8,15,121,106
162,2025-03-18,Ana,Analgésicos,2,10,131,121
163,2025-01-12,Ana,Pediátricos,8,10,47,37
164,2025-04-14,Luis,Analgésicos,6,19,61,42
165,2025-02-18,Ana,Analgésicos,1,16,84,68
166,2025-09-06,Ana,Vitaminas,7,19,123,104
167,2025-09-17,Jorge,Antibioticos,6,6,88,82
168,2025-01-08,Ana,Antibioticos,10,8,180,172
169,2025-04-23,Luis,Antibioticos,5,16,124,108
170,2025-11-01,Jorge,Analgésicos,7,11,149,138
171,2025-02-19,Luis,Pediátricos,6,10,188,178
172,2025-08-17,Ana,Antibioticos,8,10,142,132
173,2025-11-20,Luis,Antibioticos,5,14,125,111
174,2025-01-25,Luis,Vitaminas,4,5,157,152
175,2025-07-10,Jorge,Vitaminas,10,18,120,102
176,2025-10-17,Jorge,Antibioticos,9,11,95,84
177,2025-08-29,Jorge,Vitaminas,8,12,87,75
178,2025-11-17,Carla,Antibioticos,4,9,93,84
179,2025-11-17,Luis,Pediátricos,7,20,28,8
180,2025-06-27,Ana,Antibioticos,9,6,80,74
181,2025-06-16,Ana,Vitaminas,7,17,107,90
182,2025-09-19,Jorge,Pediátricos,5,6,103,97
183,2025-07-09,Jorge,Pediátricos,3,13,155,142
184,2025-11-23,Luis,Antibioticos,8,5,140,135
185,2025-05-23,Jorge,Vitaminas,9,14,69,55
186,2025-11-10,Luis,Antibioticos,8,16,166,150
187,2025-07-23,Jorge,Antibioticos,7,3,156,153
188,2025-08-24,Luis,Antibioticos,8,9,128,119
189,2025-10-23,Jorge,Analgésicos,5,3,120,117
190,2025-09-16,Carla,Analgésicos,10,17,162,145
191,2025-11-20,Jorge,Pediátricos,6,6,70,64
192,2025-06-18,Carla,Vitaminas,3,1,52,51
193,2025-12-27,Carla,Antibioticos,6,3,199,196
194,2025-08-31,Carla,Vitaminas,3,18,84,66
195,2025-12-24,Carla,Antibioticos,5,17,167,150
196,2025-01-05,Luis,Vitaminas,4,8,33,25
197,2025-10-05,Jorge,Vitaminas,8,13,200,187
198,2025-06-28,Jorge,Analgésicos,8,5,116,111
199,2025-02-01,Luis,Vitaminas,2,2,76,74
200,2025-11-16,Ana,Analgésicos,1,19,192,173
201,2025-11-21,Ana,Antibioticos,11,10,24,14
202,2025-10-25,Ana,Pediátricos,10,19,23,4
203,2025-06-24,Ana,Vitaminas,7,17,25,8
204,2025-06-20,Luis,Pediátricos,8,3,198,195
205,2025-11-19,Ana,Antibioticos,11,15,44,29
206,2025-02-03,Ana,Antibioticos,11,2,176,174
207,2025-06-18,Ana,Analgésicos,3,5,22,17
208,2025-07-18,Carla,Pediátricos,7,20,167,147
209,2025-06-05,Carla,Analgésicos,9,4,31,27
210,2025-12-05,Luis,Pediátricos,7,8,180,172
211,2025-11-08,Luis,Vitaminas,5,4,178,174
212,2025-02-01,Luis,Vitaminas,4,11,192,181
213,2025-07-16,Ana,Analgésicos,4,18,165,147
214,2025-07-20,Jorge,Pediátricos,4,4,143,139
215,2025-03-22,Ana,Pediátricos,7,4,24,20
216,2025-12-11,Carla,Analgésicos,9,14,178,164
217,2025-11-02,Ana,Analgésicos,2,6,188,182
218,2025-06-19,Ana,Analgésicos,4,20,30,10
219,2025-12-31,Luis,Pediátricos,7,12,134,122
220,2025-05-02,Luis,Pediátricos,9,8,128,120
221,2025-07-01,Carla,Pediátricos,8,6,154,148
222,2025-11-20,Ana,Analgésicos,4,19,74,55
223,2025-08-23,Luis,Antibioticos,6,19,43,24
224,2025-08-26,Luis,Antibioticos,7,3,194,191
225,2025-05-18,Ana,Vitaminas,6,8,57,49
226,2025-12-07,Carla,Analgésicos,9,14,84,70
227,2025-12-15,Carla,Vitaminas,1,13,181,168
228,2025-05-23,Luis,Vitaminas,3,11,143,132
229,2025-12-17,Carla,Antibioticos,5,13,127,114
230,2025-01-08,Ana,Vitaminas,8,3,121,118
231,2025-11-17,Jorge,Analgésicos,6,12,24,12
232,2025-10-29,Jorge,Antibioticos,9,13,85,72
233,2025-06-17,Ana,Analgésicos,1,15,33,18
234,2025-03-19,Luis,Pediátricos,7,1,150,149
235,2025-01-23,Luis,Pediátricos,8,16,78,62
236,2025-03-17,Ana,Antibioticos,11,17,61,44
237,2025-12-01,Carla,Analgésicos,8,16,125,109
238,2025-11-26,Ana,Antibioticos,11,1,146,145
239,2025-05-19,Jorge,Vitaminas,8,10,111,101
240,2025-03-19,Ana,Analgésicos,1,10,99,89
241,2025-04-27,Jorge,Antibioticos,6,1,157,156
242,2025-09-17,Jorge,Pediátricos,6,2,66,64
243,2025-12-19,Luis,Analgésicos,6,16,125,109
244,2025-03-14,Luis,Vitaminas,5,13,106,93
245,2025-09-14,Ana,Antibioticos,9,16,105,89
246,2025-04-16,Carla,Antibioticos,6,13,32,19
247,2025-07-13,Carla,Antibioticos,5,16,90,74
248,2025-08-23,Carla,Vitaminas,0,20,71,51
249,2025-07-19,Luis,Vitaminas,5,9,125,116
250,2025-07-22,Carla,Vitaminas,3,9,103,94
251,2025-01-22,Carla,Vitaminas,1,20,162,142
252,2025-10-31,Carla,Analgésicos,7,7,143,136
253,2025-07-25,Ana,Pediátricos,8,8,128,120
254,2025-06-02,Luis,Vitaminas,5,4,188,184
255,2025-12-04,Carla,Pediátricos,10,17,95,78
256,2025-06-08,Carla,Vitaminas,3,11,129,118
257,2025-07-23,Carla,Antibioticos,4,4,135,131
258,2025-08-04,Carla,Analgésicos,8,20,106,86
259,2025-12-11,Ana,Antibioticos,9,15,192,177
260,2025-12-03,Luis,Analgésicos,3,2,28,26
261,2025-01-03,Ana,Vitaminas,9,8,65,57
262,2025-06-23,Jorge,Pediátricos,6,18,160,142
263,2025-05-05,Carla,Pediátricos,8,11,147,136
264,2025-09-22,Luis,Analgésicos,3,8,122,114
265,2025-03-15,Luis,Analgésicos,3,6,63,57
266,2025-06-12,Luis,Vitaminas,4,11,23,12
267,2025-01-05,Luis,Vitaminas,2,16,79,63
268,2025-06-23,Luis,Pediátricos,7,10,136,126
269,2025-02-23,Luis,Antibioticos,7,13,157,144
270,2025-01-11,Jorge,Antibioticos,7,4,43,39
271,2025-04-15,Carla,Analgésicos,8,19,113,94
272,2025-06-02,Carla,Vitaminas,1,16,94,78
273,2025-05-04,Luis,Antibioticos,8,12,183,171
274,2025-04-18,Ana,Antibioticos,11,10,31,21
275,2025-09-26,Carla,Analgésicos,10,1,61,60
276,2025-02-01,Ana,Pediátricos,9,6,28,22
277,2025-05-25,Jorge,Pediátricos,4,1,53,52
278,2025-07-07,Jorge,Antibioticos,9,19,96,77
279,2025-04-12,Luis,Pediátricos,8,11,38,27
280,2025-09-26,Luis,Analgésicos,3,20,109,89
281,2025-02-05,Ana,Vitaminas,8,19,63,44
282,2025-10-30,Ana,Analgésicos,1,3,28,25
283,2025-02-02,Luis,Antibioticos,7,8,100,92
284,2025-03-14,Ana,Vitaminas,9,15,72,57
285,2025-06-10,Jorge,Antibioticos,9,8,131,123
286,2025-06-18,Luis,Antibioticos,7,12,139,127
287,2025-05-03,Luis,Analgésicos,3,18,169,151
288,2025-08-14,Luis,Vitaminas,5,13,70,57
289,2025-04-03,Carla,Antibioticos,5,12,80,68
290,2025-11-02,Carla,Pediátricos,7,7,200,193
291,2025-08-23,Jorge,Pediátricos,4,18,21,3
292,2025-04-02,Carla,Antibioticos,7,8,103,95
293,2025-09-03,Jorge,Antibioticos,8,12,187,175
294,2025-03-15,Carla,Vitaminas,3,18,78,60
295,2025-07-07,Ana,Pediátricos,7,12,124,112
296,2025-12-11,Ana,Vitaminas,9,17,132,115
297,2025-09-28,Jorge,Vitaminas,10,12,48,36
298,2025-09-25,Luis,Analgésicos,3,3,175,172
299,2025-05-29,Luis,Pediátricos,7,20,58,38
300,2025-03-08,Luis,Vitaminas,3,17,181,164
301,2025-09-09,Ana,Pediátricos,8,20,142,122
302,2025-06-23,Ana,Analgésicos,1,3,30,27
303,2025-11-27,Jorge,Antibioticos,7,15,65,50
304,2025-09-28,Carla,Antibioticos,7,15,183,168
305,2025-08-08,Luis,Analgésicos,4,20,141,121
306,2025-12-22,Ana,Pediátricos,7,6,41,35
307,2025-08-26,Ana,Antibioticos,8,14,102,88
308,2025-06-28,Jorge,Analgésicos,5,3,155,152
309,2025-09-20,Jorge,Vitaminas,11,17,172,155
310,2025-03-10,Luis,Antibioticos,8,1,192,191
311,2025-08-01,Luis,Antibioticos,8,17,72,55
312,2025-12-28,Luis,Analgésicos,5,1,112,111
313,2025-11-07,Ana,Pediátricos,9,7,161,154
314,2025-07-20,Carla,Vitaminas,2,8,20,12
315,2025-11-25,Ana,Vitaminas,7,7,132,125
316,2025-03-28,Luis,Vitaminas,3,18,125,107
317,2025-04-15,Jorge,Analgésicos,8,8,164,156
318,2025-02-20,Luis,Analgésicos,6,9,106,97
319,2025-11-27,Luis,Vitaminas,3,8,40,32
320,2025-09-20,Carla,Analgésicos,9,3,154,151
321,2025-05-21,Carla,Pediátricos,9,18,102,84
322,2025-05-04,Luis,Antibioticos,7,7,61,54
323,2025-04-10,Ana,Vitaminas,7,4,115,111
324,2025-09-16,Jorge,Vitaminas,8,8,37,29
325,2025-11-11,Ana,Antibioticos,10,6,46,40
326,2025-08-22,Luis,Vitaminas,3,15,164,149
327,2025-02-26,Carla,Pediátricos,7,18,166,148
328,2025-07-28,Jorge,Pediátricos,6,16,109,93
329,2025-03-17,Jorge,Analgésicos,5,6,152,146
330,2025-06-03,Carla,Analgésicos,7,9,179,170
331,2025-11-26,Carla,Pediátricos,8,19,71,52
332,2025-08-30,Jorge,Vitaminas,9,2,45,43
333,2025-01-29,Luis,Analgésicos,4,5,170,165
334,2025-04-12,Carla,Antibioticos,4,10,135,125
335,2025-11-08,Jorge,Vitaminas,10,1,135,134
336,2025-10-18,Ana,Pediátricos,8,6,145,139
337,2025-01-31,Ana,Antibioticos,10,20,24,4
338,2025-07-12,Luis,Analgésicos,5,17,43,26
339,2025-05-02,Luis,Antibioticos,8,18,53,35
340,2025-10-20,Luis,Vitaminas,5,20,84,64
341,2025-08-07,Luis,Analgésicos,5,4,191,187
342,2025-12-13,Luis,Analgésicos,3,4,72,68
343,2025-02-26,Carla,Antibioticos,4,13,120,107
344,2025-02-25,Luis,Vitaminas,5,15,161,146
345,2025-01-31,Ana,Pediátricos,9,19,193,174
346,2025-05-23,Ana,Pediátricos,10,7,31,24
347,2025-03-23,Jorge,Antibioticos,9,1,126,125
348,2025-12-28,Ana,Antibioticos,11,10,153,143
349,2025-12-29,Luis,Analgésicos,5,18,189,171
350,2025-10-27,Ana,Analgésicos,2,14,160,146
351,2025-10-24,Carla,Vitaminas,2,4,196,192
352,2025-01-16,Ana,Pediátricos,10,12,174,162
353,2025-07-22,Jorge,Analgésicos,6,20,144,124
354,2025-04-02,Jorge,Antibioticos,7,9,148,139
355,2025-01-03,Jorge,Antibioticos,9,14,40,26
356,2025-07-21,Carla,Pediátricos,7,5,98,93
357,2025-01-23,Luis,Analgésicos,6,16,83,67
358,2025-07-05,Jorge,Analgésicos,7,11,30,19
359,2025-12-03,Luis,Pediátricos,7,5,54,49
360,2025-08-17,Ana,Pediátricos,10,3,68,65
361,2025-10-25,Carla,Pediátricos,8,11,58,47
362,2025-10-08,Ana,Antibioticos,10,5,82,77
363,2025-01-13,Luis,Analgésicos,4,14,81,67
364,2025-08-13,Ana,Vitaminas,6,9,59,50
365,2025-06-25,Luis,Vitaminas,4,14,188,174
366,2025-09-25,Luis,Pediátricos,7,11,173,162
367,2025-11-12,Ana,Antibioticos,9,15,43,28
368,2025-09-21,Jorge,Pediátricos,4,11,142,131
369,2025-12-29,Jorge,Pediátricos,5,19,105,86
370,2025-11-25,Carla,Pediátricos,7,1,167,166
371,2025-08-19,Carla,Antibioticos,4,15,72,57
372,2025-09-15,Jorge,Analgésicos,7,3,69,66
373,2025-12-12,Ana,Analgésicos,2,5,127,122
374,2025-12-10,Jorge,Antibioticos,7,20,29,9
375,2025-10-03,Jorge,Antibioticos,8,1,135,134
376,2025-03-31,Carla,Vitaminas,2,5,188,183
377,2025-05-25,Ana,Pediátricos,9,5,72,67
378,2025-11-22,Ana,Vitaminas,9,19,171,152
379,2025-09-15,Ana,Antibioticos,9,19,194,175
380,2025-02-26,Jorge,Analgésicos,5,13,121,108
381,2025-09-19,Carla,Antibioticos,4,20,117,97
382,2025-10-27,Luis,Pediátricos,7,10,66,56
383,2025-01-31,Ana,Vitaminas,8,6,46,40
384,2025-05-04,Luis,Analgésicos,3,12,42,30
385,2025-02-02,Carla,Antibioticos,7,15,107,92
386,2025-04-29,Jorge,Vitaminas,8,3,60,57
387,2025-04-15,Jorge,Analgésicos,8,10,25,15
388,2025-02-03,Ana,Antibioticos,11,8,28,20
389,2025-04-13,Carla,Pediátricos,7,2,47,45
390,2025-01-12,Jorge,Analgésicos,7,20,192,172
391,2025-02-18,Jorge,Analgésicos,6,12,74,62
392,2025-10-16,Ana,Antibioticos,8,17,180,163
393,2025-04-22,Jorge,Analgésicos,7,13,164,151
394,2025-10-21,Ana,Vitaminas,6,16,28,12
395,2025-09-30,Luis,Vitaminas,5,18,200,182
396,2025-06-16,Ana,Pediátricos,8,3,138,135
397,2025-10-21,Ana,Antibioticos,10,8,91,83
398,2025-03-20,Carla,Antibioticos,4,9,37,28
399,2025-12-03,Jorge,Analgésicos,6,16,101,85
400,2025-07-30,Carla,Analgésicos,10,1,132,131
401,2025-10-27,Luis,Analgésicos,3,8,163,155
402,2025-03-16,Jorge,Analgésicos,8,4,120,116
403,2025-11-16,Carla,Pediátricos,8,10,195,185
404,2025-12-23,Luis,Analgésicos,5,2,170,168
405,2025-07-14,Jorge,Antibioticos,7,10,38,28
406,2025-04-04,Ana,Analgésicos,2,16,55,39
407,2025-11-26,Luis,Analgésicos,4,6,125,119
408,2025-11-30,Ana,Analgésicos,1,1,100,99
409,2025-12-17,Ana,Pediátricos,9,18,182,164
410,2025-10-29,Carla,Analgésicos,8,2,190,188
411,2025-06-24,Luis,Analgésicos,6,16,180,164
412,2025-02-11,Ana,Vitaminas,6,20,143,123
413,2025-01-20,Luis,Analgésicos,3,5,134,129
414,2025-03-27,Luis,Antibioticos,6,1,173,172
415,2025-01-27,Carla,Antibioticos,5,6,142,136
416,2025-01-18,Luis,Antibioticos,5,10,71,61
417,2025-11-13,Jorge,Antibioticos,8,12,131,119
418,2025-03-27,Ana,Pediátricos,9,6,135,129
419,2025-10-02,Jorge,Antibioticos,6,10,161,151
420,2025-01-08,Ana,Vitaminas,7,5,147,142
421,2025-06-08,Luis,Antibioticos,5,5,62,57
422,2025-01-24,Luis,Pediátricos,7,7,98,91
423,2025-10-23,Luis,Antibioticos,5,6,163,157
424,2025-11-10,Carla,Analgésicos,8,1,131,130
425,2025-11-23,Carla,Vitaminas,0,17,107,90
426,2025-09-02,Carla,Analgésicos,8,2,193,191
427,2025-06-10,Ana,Vitaminas,6,8,127,119
428,2025-03-25,Luis,Antibioticos,6,9,35,26
429,2025-07-05,Luis,Pediátricos,8,19,64,45
430,2025-06-03,Carla,Pediátricos,9,1,21,20
431,2025-09-21,Ana,Analgésicos,3,16,129,113
432,2025-06-14,Jorge,Vitaminas,9,7,22,15
433,2025-01-16,Ana,Analgésicos,3,9,68,59
434,2025-06-29,Jorge,Antibioticos,7,5,183,178
435,2025-12-06,Ana,Analgésicos,3,12,170,158
436,2025-02-08,Carla,Antibioticos,5,12,57,45
437,2025-03-29,Ana,Pediátricos,7,2,110,108
438,2025-05-22,Ana,Pediátricos,9,6,146,140
439,2025-11-03,Jorge,Antibioticos,9,13,74,61
440,2025-06-10,Ana,Vitaminas,9,15,88,73
441,2025-08-09,Jorge,Pediátricos,6,2,176,174
442,2025-06-12,Carla,Antibioticos,4,11,79,68
443,2025-10-01,Jorge,Antibioticos,7,19,68,49
444,2025-09-28,Jorge,Pediátricos,3,11,54,43
445,2025-07-29,Carla,Analgésicos,8,11,34,23
446,2025-03-26,Jorge,Analgésicos,7,16,22,6
447,2025-08-05,Luis,Vitaminas,4,1,55,54
448,2025-01-23,Jorge,Vitaminas,10,10,146,136
449,2025-07-04,Jorge,Analgésicos,7,11,53,42
450,2025-05-27,Jorge,Pediátricos,4,13,41,28
451,2025-05-12,Jorge,Antibioticos,7,6,74,68
452,2025-08-04,Luis,Vitaminas,5,17,21,4
453,2025-01-14,Luis,Pediátricos,8,1,60,59
454,2025-12-30,Jorge,Pediátricos,5,8,95,87
455,2025-06-16,Luis,Pediátricos,9,16,158,142
456,2025-12-13,Ana,Antibioticos,8,6,63,57
457,2025-02-02,Luis,Analgésicos,6,13,91,78
458,2025-10-08,Carla,Vitaminas,1,16,59,43
459,2025-08-20,Ana,Vitaminas,7,19,171,152
460,2025-11-10,Ana,Analgésicos,1,6,41,35
461,2025-09-09,Carla,Antibioticos,6,8,106,98
462,2025-01-22,Jorge,Vitaminas,10,11,91,80
463,2025-04-06,Luis,Antibioticos,8,3,199,196
464,2025-11-10,Jorge,Analgésicos,8,14,118,104
465,2025-03-20,Luis,Antibioticos,6,18,185,167
466,2025-05-09,Luis,Vitaminas,4,12,134,122
467,2025-12-15,Jorge,Antibioticos,8,5,131,126
468,2025-04-02,Ana,Analgésicos,2,15,87,72
469,2025-01-18,Carla,Pediátricos,8,10,104,94
470,2025-09-04,Carla,Analgésicos,7,10,57,47
471,2025-01-21,Carla,Antibioticos,6,7,21,14
472,2025-05-03,Ana,Vitaminas,8,8,96,88
473,2025-01-18,Carla,Analgésicos,7,8,167,159
474,2025-05-18,Jorge,Pediátricos,6,4,147,143
475,2025-10-06,Jorge,Pediátricos,3,15,51,36
476,2025-12-18,Luis,Analgésicos,6,1,198,197
477,2025-08-28,Luis,Vitaminas,4,10,53,43
478,2025-05-25,Carla,Analgésicos,10,20,63,43
479,2025-10-22,Ana,Vitaminas,7,8,200,192
480,2025-02-21,Luis,Analgésicos,3,7,176,169
481,2025-04-15,Carla,Pediátricos,9,1,129,128
482,2025-08-05,Ana,Analgésicos,3,5,72,67
483,2025-04-22,Carla,Analgésicos,8,2,66,64
484,2025-02-08,Luis,Antibioticos,6,18,116,98
485,2025-10-14,Jorge,Antibioticos,6,9,161,152
486,2025-10-08,Jorge,Antibioticos,7,10,145,135
487,2025-10-27,Jorge,Analgésicos,8,3,94,91
488,2025-12-14,Luis,Vitaminas,2,17,54,37
489,2025-07-10,Carla,Pediátricos,9,1,35,34
490,2025-05-08,Jorge,Pediátricos,3,6,190,184
491,2025-07-24,Ana,Antibioticos,11,16,74,58
492,2025-06-13,Carla,Pediátricos,8,2,66,64
493,2025-10-07,Jorge,Pediátricos,6,3,161,158
494,2025-08-06,Jorge,Vitaminas,10,9,65,56
495,2025-08-09,Luis,Vitaminas,3,18,130,112
496,2025-03-19,Carla,Analgésicos,9,2,112,110
497,2025-11-25,Ana,Pediátricos,8,6,151,145
498,2025-05-19,Luis,Vitaminas,3,7,78,71
499,2025-09-25,Luis,Antibioticos,7,14,95,81
500,2025-08-11,Luis,Vitaminas,3,2,23,21
501,2025-09-26,Jorge,Antibioticos,8,1,65,64
502,2025-07-15,Jorge,Analgésicos,7,12,80,68
503,2025-01-28,Luis,Vitaminas,2,10,124,114
504,2025-08-31,Carla,Analgésicos,9,5,88,83
505,2025-01-29,Ana,Antibioticos,8,20,97,77
506,2025-11-14,Carla,Analgésicos,10,4,195,191
507,2025-11-02,Jorge,Pediátricos,3,7,54,47
508,2025-01-24,Carla,Analgésicos,8,18,163,145
509,2025-10-11,Carla,Vitaminas,3,9,104,95
510,2025-07-06,Ana,Vitaminas,7,15,107,92
511,2025-08-14,Ana,Analgésicos,3,1,147,146
512,2025-10-05,Carla,Analgésicos,8,1,65,64
513,2025-09-25,Ana,Pediátricos,8,14,152,138
514,2025-02-11,Carla,Pediátricos,7,9,176,167
515,2025-11-07,Carla,Pediátricos,7,13,38,25
516,2025-07-02,Carla,Pediátricos,10,17,181,164
517,2025-02-12,Luis,Antibioticos,7,13,164,151
518,2025-02-06,Jorge,Antibioticos,6,10,157,147
519,2025-06-01,Ana,Vitaminas,8,6,33,27
520,2025-02-15,Ana,Pediátricos,9,5,193,188
521,2025-09-12,Carla,Pediátricos,10,9,66,57
522,2025-07-02,Ana,Antibioticos,9,10,176,166
523,2025-03-16,Carla,Vitaminas,1,7,191,184
524,2025-03-08,Ana,Analgésicos,3,14,199,185
525,2025-01-03,Luis,Pediátricos,7,6,85,79
526,2025-09-24,Luis,Vitaminas,3,9,85,76
527,2025-11-19,Jorge,Vitaminas,10,7,153,146
528,2025-05-16,Ana,Antibioticos,11,16,189,173
529,2025-06-16,Carla,Antibioticos,4,1,193,192
530,2025-08-26,Carla,Antibioticos,7,10,126,116
531,2025-11-07,Luis,Analgésicos,5,6,127,121
532,2025-09-30,Ana,Vitaminas,7,15,40,25
533,2025-02-10,Luis,Pediátricos,6,9,36,27
534,2025-05-01,Carla,Pediátricos,7,12,55,43
535,2025-02-25,Jorge,Pediátricos,5,8,161,153
536,2025-01-09,Jorge,Analgésicos,5,16,167,151
537,2025-09-13,Carla,Analgésicos,7,1,42,41
538,2025-07-08,Luis,Antibioticos,6,4,155,151
539,2025-02-27,Jorge,Antibioticos,6,20,177,157
540,2025-01-25,Jorge,Pediátricos,4,5,147,142
541,2025-02-17,Jorge,Pediátricos,6,20,162,142
542,2025-09-15,Carla,Analgésicos,7,1,134,133
543,2025-03-08,Jorge,Pediátricos,5,18,50,32
544,2025-03-30,Carla,Pediátricos,9,12,20,8
545,2025-07-06,Ana,Analgésicos,3,12,147,135
546,2025-09-12,Jorge,Pediátricos,3,2,162,160
547,2025-12-17,Carla,Vitaminas,3,6,167,161
548,2025-12-10,Luis,Antibioticos,7,15,197,182
549,2025-04-28,Luis,Pediátricos,6,2,74,72
550,2025-09-29,Carla,Antibioticos,5,19,149,130
551,2025-09-13,Luis,Antibioticos,8,8,90,82
552,2025-06-14,Jorge,Antibioticos,8,19,108,89
553,2025-03-06,Ana,Antibioticos,10,9,36,27
554,2025-05-29,Luis,Analgésicos,4,4,49,45
555,2025-02-13,Ana,Analgésicos,2,18,149,131
556,2025-08-31,Ana,Vitaminas,7,2,145,143
557,2025-05-29,Carla,Pediátricos,8,11,137,126
558,2025-12-25,Ana,Antibioticos,9,13,52,39
559,2025-08-13,Carla,Pediátricos,10,3,65,62
560,2025-04-06,Luis,Vitaminas,4,6,190,184
561,2025-06-21,Jorge,Vitaminas,8,16,187,171
562,2025-09-06,Carla,Vitaminas,0,13,183,170
563,2025-10-26,Carla,Antibioticos,5,1,39,38
564,2025-05-28,Luis,Antibioticos,8,2,116,114
565,2025-03-11,Ana,Vitaminas,7,12,153,141
566,2025-04-25,Luis,Pediátricos,7,12,168,156
567,2025-07-31,Luis,Analgésicos,4,1,131,130
568,2025-04-06,Luis,Vitaminas,4,16,164,148
569,2025-03-16,Carla,Pediátricos,10,6,25,19
570,2025-09-05,Carla,Antibioticos,4,12,130,118
571,2025-04-04,Carla,Antibioticos,5,20,199,179
572,2025-04-14,Ana,Vitaminas,8,7,30,23
573,2025-12-19,Luis,Pediátricos,6,10,197,187
574,2025-05-02,Jorge,Pediátricos,6,3,110,107
575,2025-11-19,Carla,Vitaminas,1,19,165,146
576,2025-10-22,Jorge,Pediátricos,5,2,83,81
577,2025-10-25,Ana,Vitaminas,7,10,153,143
578,2025-11-27,Jorge,Analgésicos,6,3,188,185
579,2025-08-19,Jorge,Pediátricos,5,11,86,75
580,2025-05-28,Jorge,Analgésicos,5,19,94,75
581,2025-01-13,Ana,Antibioticos,9,3,48,45
582,2025-06-26,Jorge,Antibioticos,8,4,78,74
583,2025-09-29,Ana,Analgésicos,1,5,119,114
584,2025-07-14,Jorge,Analgésicos,6,6,182,176
585,2025-12-25,Carla,Pediátricos,9,17,90,73
586,2025-09-25,Ana,Antibioticos,9,4,80,76
587,2025-06-13,Carla,Pediátricos,9,3,50,47
588,2025-04-14,Carla,Pediátricos,10,8,176,168
589,2025-08-28,Carla,Antibioticos,5,6,93,87
590,2025-09-05,Ana,Pediátricos,7,14,41,27
591,2025-04-15,Luis,Pediátricos,9,6,89,83
592,2025-02-04,Ana,Antibioticos,11,12,97,85
593,2025-12-04,Ana,Antibioticos,9,8,176,168
594,2025-05-05,Jorge,Pediátricos,5,5,40,35
595,2025-05-10,Luis,Antibioticos,8,18,110,92
596,2025-09-09,Jorge,Antibioticos,8,14,127,113
597,2025-06-30,Carla,Vitaminas,3,9,136,127
598,2025-04-11,Jorge,Analgésicos,7,14,76,62
599,2025-06-23,Luis,Analgésicos,4,11,156,145
600,2025-08-15,Ana,Pediátricos,9,6,147,141
601,2025-04-28,Luis,Pediátricos,6,20,171,151
602,2025-10-10,Luis,Pediátricos,6,11,51,40
603,2025-05-21,Luis,Pediátricos,8,5,112,107
604,2025-01-27,Ana,Pediátricos,10,19,172,153
605,2025-10-13,Luis,Vitaminas,2,8,101,93
606,2025-07-10,Luis,Analgésicos,5,13,166,153
607,2025-07-29,Luis,Antibioticos,5,11,185,174
608,2025-08-11,Luis,Pediátricos,8,8,49,41
609,2025-03-12,Luis,Antibioticos,6,7,133,126
610,2025-11-10,Luis,Pediátricos,8,2,184,182
611,2025-10-11,Ana,Analgésicos,2,17,176,159
612,2025-01-10,Luis,Vitaminas,4,5,108,103
613,2025-07-14,Luis,Vitaminas,4,17,164,147
614,2025-01-21,Carla,Pediátricos,8,20,200,180
615,2025-12-19,Jorge,Vitaminas,8,13,179,166
616,2025-10-17,Carla,Vitaminas,0,2,62,60
617,2025-03-25,Carla,Antibioticos,6,6,193,187
618,2025-02-06,Luis,Vitaminas,2,4,86,82
619,2025-07-02,Jorge,Analgésicos,7,11,165,154
620,2025-01-28,Carla,Vitaminas,0,20,103,83
621,2025-08-12,Jorge,Pediátricos,4,4,76,72
622,2025-05-16,Jorge,Antibioticos,6,19,42,23
623,2025-11-12,Ana,Analgésicos,1,7,90,83
624,2025-04-12,Jorge,Antibioticos,9,2,178,176
625,2025-10-22,Jorge,Analgésicos,7,19,169,150
626,2025-08-17,Jorge,Vitaminas,11,15,154,139
627,2025-10-18,Luis,Vitaminas,2,17,150,133
628,2025-11-07,Carla,Vitaminas,1,20,172,152
629,2025-12-19,Jorge,Vitaminas,8,1,189,188
630,2025-04-20,Luis,Antibioticos,8,14,120,106
631,2025-06-12,Jorge,Antibioticos,6,18,140,122
632,2025-04-03,Ana,Antibioticos,11,10,198,188
633,2025-05-28,Carla,Vitaminas,0,10,82,72
634,2025-07-14,Jorge,Pediátricos,5,10,43,33
635,2025-10-06,Luis,Pediátricos,9,9,127,118
636,2025-12-07,Luis,Vitaminas,2,14,195,181
637,2025-09-03,Jorge,Antibioticos,8,4,40,36
638,2025-08-08,Carla,Vitaminas,0,7,131,124
639,2025-01-30,Luis,Antibioticos,8,8,137,129
640,2025-08-22,Jorge,Vitaminas,11,3,144,141
641,2025-08-24,Jorge,Pediátricos,4,3,138,135
642,2025-03-10,Carla,Pediátricos,9,20,167,147
643,2025-08-09,Luis,Analgésicos,4,12,63,51
644,2025-02-21,Ana,Analgésicos,4,12,108,96
645,2025-12-06,Luis,Analgésicos,3,13,43,30
646,2025-09-04,Jorge,Pediátricos,3,8,168,160
647,2025-11-28,Jorge,Analgésicos,5,10,21,11
648,2025-02-04,Carla,Antibioticos,4,18,56,38
649,2025-10-30,Ana,Antibioticos,8,16,152,136
650,2025-05-31,Ana,Pediátricos,10,12,84,72
651,2025-09-28,Carla,Antibioticos,6,2,80,78
652,2025-06-14,Jorge,Pediátricos,5,9,184,175
653,2025-12-26,Jorge,Analgésicos,8,12,200,188
654,2025-10-18,Jorge,Analgésicos,5,20,120,100
655,2025-01-19,Luis,Antibioticos,5,18,171,153
656,2025-12-17,Ana,Analgésicos,3,15,126,111
657,2025-03-31,Jorge,Antibioticos,9,15,40,25
658,2025-07-13,Jorge,Vitaminas,10,10,178,168
659,2025-02-15,Luis,Analgésicos,5,6,29,23
660,2025-04-30,Carla,Antibioticos,7,18,62,44
661,2025-07-06,Carla,Antibioticos,4,18,112,94
662,2025-10-29,Luis,Vitaminas,4,9,35,26
663,2025-07-13,Carla,Pediátricos,7,9,92,83
664,2025-12-09,Ana,Antibioticos,9,10,150,140
665,2025-02-06,Carla,Vitaminas,3,1,100,99
666,2025-01-09,Luis,Analgésicos,6,17,36,19
667,2025-04-27,Jorge,Pediátricos,6,11,120,109
668,2025-05-06,Jorge,Pediátricos,6,15,98,83
669,2025-12-15,Jorge,Antibioticos,8,5,64,59
670,2025-03-25,Jorge,Antibioticos,9,6,164,158
671,2025-09-26,Luis,Antibioticos,5,1,103,102
672,2025-07-07,Ana,Pediátricos,8,9,59,50
673,2025-01-15,Carla,Vitaminas,3,2,129,127
674,2025-01-13,Jorge,Analgésicos,8,8,143,135
675,2025-06-05,Carla,Antibioticos,6,20,196,176
676,2025-10-26,Jorge,Pediátricos,3,4,43,39
677,2025-05-04,Jorge,Pediátricos,5,14,34,20
678,2025-12-18,Luis,Pediátricos,8,6,33,27
679,2025-01-06,Luis,Antibioticos,8,17,109,92
680,2025-09-24,Luis,Pediátricos,8,15,164,149
681,2025-04-03,Ana,Vitaminas,7,20,88,68
682,2025-11-10,Ana,Vitaminas,6,1,128,127
683,2025-01-20,Luis,Antibioticos,8,20,115,95
684,2025-12-31,Jorge,Antibioticos,8,1,187,186
685,2025-07-01,Ana,Antibioticos,9,16,85,69
686,2025-02-09,Carla,Vitaminas,1,2,52,50
687,2025-10-06,Carla,Analgésicos,7,16,132,116
688,2025-10-13,Jorge,Antibioticos,8,11,188,177
689,2025-10-06,Luis,Pediátricos,6,4,24,20
690,2025-11-01,Carla,Vitaminas,2,13,117,104
691,2025-12-06,Luis,Pediátricos,8,6,110,104
692,2025-08-17,Jorge,Vitaminas,10,17,88,71
693,2025-11-07,Jorge,Analgésicos,5,7,57,50
694,2025-08-26,Carla,Antibioticos,5,16,66,50
695,2025-01-27,Ana,Vitaminas,8,3,185,182
696,2025-01-31,Ana,Pediátricos,8,5,166,161
697,2025-10-10,Luis,Pediátricos,9,20,174,154
698,2025-11-11,Carla,Vitaminas,1,11,120,109
699,2025-03-06,Luis,Pediátricos,7,14,144,130
700,2025-03-28,Carla,Analgésicos,8,11,147,136
701,2025-12-08,Luis,Antibioticos,8,20,132,112
702,2025-07-27,Carla,Vitaminas,2,16,55,39
703,2025-03-05,Carla,Pediátricos,8,9,65,56
704,2025-07-31,Ana,Vitaminas,9,5,153,148
705,2025-11-08,Luis,Vitaminas,4,4,66,62
706,2025-04-20,Luis,Analgésicos,4,17,28,11
707,2025-04-27,Luis,Antibioticos,7,8,68,60
708,2025-06-20,Luis,Vitaminas,3,16,99,83
709,2025-03-07,Luis,Pediátricos,6,19,192,173
710,2025-03-26,Jorge,Pediátricos,3,2,154,152
711,2025-02-14,Luis,Vitaminas,4,9,80,71
712,2025-04-21,Jorge,Pediátricos,5,9,97,88
713,2025-04-02,Jorge,Vitaminas,10,18,119,101
714,2025-10-18,Ana,Analgésicos,4,6,178,172
715,2025-03-12,Carla,Analgésicos,9,1,168,167
716,2025-03-30,Ana,Vitaminas,9,1,116,115
717,2025-12-05,Luis,Analgésicos,4,1,173,172
718,2025-03-26,Ana,Pediátricos,9,16,142,126
719,2025-02-26,Ana,Pediátricos,7,1,135,134
720,2025-12-06,Carla,Analgésicos,9,12,100,88
721,2025-04-09,Ana,Antibioticos,8,13,103,90
722,2025-12-27,Jorge,Pediátricos,6,12,99,87
723,2025-10-06,Carla,Analgésicos,8,7,173,166
724,2025-04-04,Jorge,Pediátricos,3,5,156,151
725,2025-02-08,Carla,Antibioticos,6,16,96,80
726,2025-09-02,Jorge,Pediátricos,3,3,100,97
727,2025-12-24,Jorge,Vitaminas,11,8,78,70
728,2025-09-27,Jorge,Analgésicos,5,18,34,16
729,2025-05-21,Luis,Pediátricos,6,3,67,64
730,2025-08-18,Luis,Antibioticos,7,11,174,163
731,2025-01-04,Luis,Analgésicos,4,3,41,38
732,2025-06-22,Ana,Analgésicos,4,1,48,47
733,2025-12-27,Carla,Antibioticos,6,19,161,142
734,2025-10-13,Ana,Antibioticos,11,4,145,141
735,2025-07-31,Jorge,Pediátricos,4,8,171,163
736,2025-03-26,Carla,Vitaminas,1,20,143,123
737,2025-09-21,Carla,Antibioticos,7,8,89,81
738,2025-11-14,Carla,Analgésicos,8,18,58,40
739,2025-11-07,Carla,Analgésicos,7,20,136,116
740,2025-07-15,Ana,Vitaminas,8,8,140,132
741,2025-10-31,Ana,Analgésicos,2,17,41,24
742,2025-10-02,Ana,Pediátricos,7,19,138,119
743,2025-05-11,Ana,Antibioticos,9,18,141,123
744,2025-03-30,Luis,Antibioticos,8,6,20,14
745,2025-02-13,Jorge,Antibioticos,8,11,76,65
746,2025-03-13,Carla,Pediátricos,7,7,36,29
747,2025-09-03,Carla,Vitaminas,3,14,156,142
748,2025-12-31,Carla,Vitaminas,2,9,47,38
749,2025-03-14,Carla,Pediátricos,7,1,188,187
750,2025-10-02,Jorge,Analgésicos,6,15,73,58
751,2025-04-21,Jorge,Antibioticos,7,13,118,105
752,2025-10-01,Luis,Vitaminas,2,12,152,140
753,2025-03-31,Ana,Vitaminas,7,2,198,196
754,2025-08-18,Ana,Vitaminas,9,8,184,176
755,2025-12-28,Jorge,Pediátricos,5,3,32,29
756,2025-09-20,Luis,Vitaminas,4,16,120,104
757,2025-07-18,Jorge,Analgésicos,8,16,20,4
758,2025-03-03,Carla,Antibioticos,4,16,21,5
759,2025-04-19,Ana,Antibioticos,11,18,36,18
760,2025-02-12,Carla,Analgésicos,8,3,115,112
761,2025-09-19,Luis,Pediátricos,6,11,64,53
762,2025-03-20,Luis,Antibioticos,7,12,50,38
763,2025-08-29,Carla,Vitaminas,2,19,59,40
764,2025-05-19,Jorge,Analgésicos,5,18,193,175
765,2025-01-29,Luis,Antibioticos,7,14,179,165
766,2025-09-03,Carla,Antibioticos,7,19,97,78
767,2025-07-23,Carla,Vitaminas,0,2,175,173
768,2025-04-18,Luis,Analgésicos,3,6,62,56
769,2025-02-14,Luis,Antibioticos,6,4,152,148
770,2025-08-24,Ana,Pediátricos,10,15,178,163
771,2025-03-21,Jorge,Antibioticos,8,16,184,168
772,2025-08-15,Luis,Analgésicos,6,17,187,170
773,2025-12-21,Ana,Vitaminas,9,9,22,13
774,2025-07-21,Ana,Analgésicos,2,15,100,85
775,2025-03-25,Carla,Vitaminas,2,8,186,178
776,2025-09-14,Ana,Pediátricos,7,8,124,116
777,2025-02-05,Luis,Vitaminas,2,16,24,8
778,2025-12-30,Luis,Analgésicos,6,8,71,63
779,2025-02-26,Carla,Analgésicos,7,13,27,14
780,2025-11-24,Carla,Analgésicos,8,5,102,97
781,2025-02-14,Jorge,Antibioticos,6,2,121,119
782,2025-07-09,Ana,Analgésicos,3,2,154,152
783,2025-03-23,Luis,Antibioticos,7,19,61,42
784,2025-06-28,Ana,Analgésicos,2,2,113,111
785,2025-02-05,Carla,Vitaminas,0,6,60,54
786,2025-12-24,Ana,Vitaminas,7,7,21,14
787,2025-03-27,Carla,Pediátricos,9,8,113,105
788,2025-07-17,Ana,Antibioticos,9,11,77,66
789,2025-07-25,Ana,Antibioticos,8,5,85,80
790,2025-11-03,Carla,Analgésicos,7,18,52,34
791,2025-04-27,Carla,Pediátricos,7,5,28,23
792,2025-12-09,Carla,Analgésicos,9,4,110,106
793,2025-05-22,Jorge,Pediátricos,5,6,131,125
794,2025-05-20,Luis,Pediátricos,9,19,118,99
795,2025-10-17,Luis,Pediátricos,8,17,145,128
796,2025-01-04,Luis,Antibioticos,5,4,100,96
797,2025-02-18,Carla,Vitaminas,0,6,79,73
798,2025-09-13,Ana,Pediátricos,7,5,105,100
799,2025-03-07,Luis,Pediátricos,8,20,63,43
800,2025-02-01,Ana,Vitaminas,6,11,163,152
801,2025-05-13,Carla,Pediátricos,10,12,20,8
802,2025-08-14,Jorge,Vitaminas,9,12,174,162
803,2025-04-19,Luis,Vitaminas,5,4,45,41
804,2025-02-06,Luis,Vitaminas,4,9,126,117
805,2025-04-03,Ana,Analgésicos,1,14,128,114
806,2025-09-07,Ana,Antibioticos,9,11,47,36
807,2025-09-08,Jorge,Antibioticos,7,19,92,73
808,2025-05-31,Jorge,Antibioticos,8,10,72,62
809,2025-05-19,Luis,Antibioticos,6,1,193,192
810,2025-04-21,Carla,Vitaminas,3,1,45,44
811,2025-03-30,Luis,Analgésicos,6,10,83,73
812,2025-02-25,Jorge,Vitaminas,11,12,185,173
813,2025-04-04,Jorge,Antibioticos,7,17,120,103
814,2025-08-30,Luis,Antibioticos,8,11,197,186
815,2025-05-02,Ana,Vitaminas,6,1,44,43
816,2025-07-29,Carla,Antibioticos,7,13,187,174
817,2025-08-28,Carla,Vitaminas,2,16,66,50
818,2025-07-20,Carla,Vitaminas,1,9,55,46
819,2025-10-28,Jorge,Antibioticos,8,1,180,179
820,2025-11-02,Carla,Antibioticos,6,1,21,20
821,2025-09-26,Ana,Pediátricos,9,12,176,164
822,2025-02-12,Ana,Pediátricos,7,18,151,133
823,2025-06-07,Ana,Vitaminas,7,8,186,178
824,2025-08-06,Carla,Antibioticos,7,8,133,125
825,2025-08-18,Ana,Pediátricos,8,17,119,102
826,2025-07-23,Ana,Vitaminas,7,6,142,136
827,2025-12-27,Jorge,Analgésicos,8,1,158,157
828,2025-04-10,Carla,Analgésicos,8,10,184,174
829,2025-05-25,Carla,Antibioticos,4,2,192,190
830,2025-08-08,Jorge,Analgésicos,7,8,44,36
831,2025-10-06,Ana,Analgésicos,2,8,117,109
832,2025-11-11,Jorge,Vitaminas,8,11,94,83
833,2025-07-30,Luis,Analgésicos,5,1,60,59
834,2025-01-08,Carla,Antibioticos,7,1,127,126
835,2025-04-15,Carla,Vitaminas,0,6,158,152
836,2025-06-04,Jorge,Pediátricos,4,19,40,21
837,2025-12-26,Jorge,Antibioticos,6,1,155,154
838,2025-08-18,Ana,Pediátricos,8,14,196,182
839,2025-01-22,Luis,Vitaminas,2,7,128,121
840,2025-10-05,Jorge,Analgésicos,5,4,200,196
841,2025-11-29,Jorge,Analgésicos,8,17,110,93
842,2025-05-19,Carla,Analgésicos,10,4,179,175
843,2025-10-14,Ana,Vitaminas,7,8,59,51
844,2025-05-10,Ana,Vitaminas,7,16,177,161
845,2025-04-18,Carla,Analgésicos,8,17,128,111
846,2025-09-13,Carla,Analgésicos,9,14,115,101
847,2025-04-30,Ana,Vitaminas,8,9,33,24
848,2025-02-27,Luis,Antibioticos,7,18,45,27
849,2025-12-06,Carla,Vitaminas,1,9,183,174
850,2025-12-06,Ana,Pediátricos,10,12,95,83
851,2025-05-10,Carla,Vitaminas,2,6,164,158
852,2025-05-26,Jorge,Vitaminas,9,5,144,139
853,2025-07-18,Ana,Antibioticos,8,10,122,112
854,2025-07-22,Jorge,Analgésicos,6,2,102,100
855,2025-11-01,Carla,Antibioticos,7,14,30,16
856,2025-03-08,Carla,Analgésicos,9,13,144,131
857,2025-01-21,Carla,Pediátricos,7,5,156,151
858,2025-04-26,Ana,Pediátricos,8,4,125,121
859,2025-10-27,Ana,Vitaminas,6,3,139,136
860,2025-11-10,Carla,Pediátricos,8,5,54,49
861,2025-04-30,Jorge,Vitaminas,8,3,110,107
862,2025-12-02,Luis,Pediátricos,6,9,42,33
863,2025-11-12,Carla,Analgésicos,9,6,194,188
864,2025-07-08,Ana,Antibioticos,10,6,140,134
865,2025-11-27,Jorge,Analgésicos,8,13,48,35
866,2025-11-23,Carla,Analgésicos,10,2,125,123
867,2025-01-31,Luis,Analgésicos,5,16,99,83
868,2025-12-20,Carla,Pediátricos,9,10,168,158
869,2025-08-19,Ana,Pediátricos,9,3,88,85
870,2025-05-30,Carla,Antibioticos,6,18,30,12
871,2025-09-21,Ana,Antibioticos,8,5,93,88
872,2025-09-28,Luis,Pediátricos,6,5,136,131
873,2025-11-07,Jorge,Analgésicos,6,16,69,53
874,2025-11-03,Carla,Pediátricos,8,3,86,83
875,2025-03-16,Ana,Antibioticos,11,13,104,91
876,2025-02-14,Luis,Vitaminas,4,9,83,74
877,2025-07-07,Jorge,Antibioticos,9,18,29,11
878,2025-10-26,Luis,Pediátricos,6,6,83,77
879,2025-05-17,Jorge,Vitaminas,8,18,123,105
880,2025-05-01,Ana,Vitaminas,8,12,161,149
881,2025-12-24,Carla,Antibioticos,5,15,178,163
882,2025-02-27,Ana,Vitaminas,7,1,128,127
883,2025-08-24,Luis,Pediátricos,9,15,118,103
884,2025-11-09,Jorge,Analgésicos,6,20,198,178
885,2025-08-15,Carla,Pediátricos,9,19,32,13
886,2025-10-04,Jorge,Analgésicos,7,13,31,18
887,2025-07-22,Carla,Vitaminas,3,6,76,70
888,2025-02-02,Luis,Analgésicos,3,7,189,182
889,2025-01-30,Ana,Vitaminas,8,6,155,149
890,2025-05-20,Carla,Antibioticos,4,1,35,34
891,2025-04-29,Luis,Vitaminas,2,8,146,138
892,2025-08-08,Ana,Vitaminas,9,19,22,3
893,2025-11-04,Luis,Analgésicos,3,3,164,161
894,2025-12-01,Ana,Antibioticos,10,6,56,50
895,2025-02-09,Carla,Analgésicos,8,15,123,108
896,2025-08-25,Ana,Analgésicos,1,14,177,163
897,2025-11-01,Jorge,Antibioticos,8,13,200,187
898,2025-05-28,Ana,Analgésicos,4,17,120,103
899,2025-02-23,Luis,Vitaminas,2,18,167,149
900,2025-02-20,Ana,Vitaminas,6,16,142,126
901,2025-02-15,Ana,Antibioticos,10,8,131,123
902,2025-09-29,Carla,Antibioticos,4,9,164,155
903,2025-11-27,Luis,Pediátricos,9,12,61,49
904,2025-08-14,Carla,Analgésicos,7,4,198,194
905,2025-02-02,Jorge,Pediátricos,6,4,164,160
906,2025-11-27,Carla,Pediátricos,10,2,149,147
907,2025-06-21,Ana,Vitaminas,9,20,86,66
908,2025-10-19,Carla,Vitaminas,2,4,59,55
909,2025-10-26,Jorge,Pediátricos,4,12,118,106
910,2025-01-25,Luis,Pediátricos,9,14,182,168
911,2025-02-05,Jorge,Vitaminas,8,8,135,127
912,2025-01-18,Luis,Antibioticos,5,3,177,174
913,2025-07-09,Ana,Antibioticos,10,10,97,87
914,2025-06-21,Jorge,Pediátricos,3,7,199,192
915,2025-04-14,Carla,Antibioticos,7,8,106,98
916,2025-03-18,Carla,Pediátricos,10,15,119,104
917,2025-05-10,Carla,Pediátricos,10,15,197,182
918,2025-02-15,Luis,Analgésicos,5,14,76,62
919,2025-12-27,Luis,Pediátricos,9,3,56,53
920,2025-06-28,Ana,Analgésicos,3,7,103,96
921,2025-07-26,Luis,Pediátricos,9,18,66,48
922,2025-02-18,Ana,Antibioticos,8,15,91,76
923,2025-11-12,Luis,Antibioticos,8,8,30,22
924,2025-08-01,Jorge,Analgésicos,5,4,183,179
925,2025-11-18,Ana,Vitaminas,9,15,90,75
926,2025-05-27,Jorge,Antibioticos,9,9,53,44
927,2025-01-20,Luis,Analgésicos,3,17,67,50
928,2025-02-23,Jorge,Antibioticos,8,18,51,33
929,2025-01-12,Carla,Pediátricos,10,15,164,149
930,2025-10-21,Luis,Analgésicos,3,10,88,78
931,2025-02-03,Jorge,Pediátricos,3,14,51,37
932,2025-06-01,Ana,Pediátricos,7,12,162,150
933,2025-06-10,Jorge,Vitaminas,8,14,50,36
934,2025-06-07,Ana,Vitaminas,8,1,63,62
935,2025-08-22,Jorge,Antibioticos,8,9,45,36
936,2025-02-11,Luis,Antibioticos,5,13,60,47
937,2025-11-13,Jorge,Pediátricos,6,8,32,24
938,2025-11-24,Luis,Analgésicos,6,10,21,11
939,2025-12-20,Carla,Analgésicos,7,5,92,87
940,2025-07-31,Ana,Analgésicos,4,9,178,169
941,2025-07-28,Luis,Pediátricos,8,5,182,177
942,2025-04-12,Ana,Pediátricos,10,5,71,66
943,2025-01-24,Carla,Pediátricos,8,10,106,96
944,2025-10-26,Jorge,Pediátricos,6,16,172,156
945,2025-08-05,Jorge,Vitaminas,8,6,173,167
946,2025-08-25,Carla,Analgésicos,7,16,92,76
947,2025-03-14,Ana,Vitaminas,7,6,141,135
948,2025-12-10,Carla,Analgésicos,7,20,25,5
949,2025-09-04,Jorge,Analgésicos,5,10,146,136
950,2025-05-22,Carla,Antibioticos,7,15,83,68
951,2025-08-21,Jorge,Analgésicos,8,8,29,21
952,2025-08-12,Ana,Vitaminas,6,12,119,107
953,2025-03-11,Luis,Pediátricos,6,12,163,151
954,2025-05-09,Carla,Analgésicos,9,12,80,68
955,2025-09-09,Carla,Analgésicos,7,12,59,47
956,2025-10-25,Luis,Antibioticos,8,9,27,18
957,2025-01-23,Carla,Antibioticos,6,11,93,82
958,2025-09-17,Jorge,Antibioticos,9,11,148,137
959,2025-06-20,Jorge,Pediátricos,5,13,150,137
960,2025-06-20,Carla,Antibioticos,6,8,122,114
961,2025-08-23,Luis,Antibioticos,7,17,74,57
962,2025-02-02,Luis,Pediátricos,9,11,184,173
963,2025-01-04,Luis,Pediátricos,9,18,178,160
964,2025-08-03,Carla,Analgésicos,9,11,196,185
965,2025-01-26,Carla,Vitaminas,3,1,87,86
966,2025-11-15,Luis,Analgésicos,4,6,125,119
967,2025-11-05,Luis,Analgésicos,5,19,56,37
968,2025-08-20,Luis,Vitaminas,2,9,43,34
969,2025-01-25,Jorge,Pediátricos,5,9,66,57
970,2025-12-21,Luis,Antibioticos,7,16,104,88
971,2025-07-19,Jorge,Vitaminas,11,19,86,67
972,2025-03-12,Luis,Antibioticos,5,8,51,43
973,2025-12-24,Luis,Antibioticos,8,12,101,89
974,2025-05-18,Ana,Pediátricos,9,18,179,161
975,2025-07-04,Carla,Analgésicos,10,12,160,148
976,2025-08-28,Ana,Analgésicos,4,2,66,64
977,2025-05-21,Jorge,Vitaminas,10,12,27,15
978,2025-04-12,Jorge,Antibioticos,8,18,140,122
979,2025-01-18,Jorge,Antibioticos,6,7,65,58
980,2025-02-01,Carla,Antibioticos,4,19,45,26
981,2025-07-08,Luis,Pediátricos,7,6,76,70
982,2025-05-13,Luis,Analgésicos,5,16,98,82
983,2025-10-25,Jorge,Analgésicos,7,13,44,31
984,2025-09-20,Jorge,Vitaminas,11,6,85,79
985,2025-02-24,Ana,Vitaminas,7,19,56,37
986,2025-09-02,Ana,Analgésicos,2,18,112,94
987,2025-05-21,Jorge,Antibioticos,6,6,174,168
988,2025-02-08,Carla,Analgésicos,10,11,98,87
989,2025-06-06,Jorge,Vitaminas,10,8,199,191
990,2025-01-07,Jorge,Pediátricos,4,17,75,58
991,2025-05-30,Luis,Antibioticos,6,4,81,77
992,2025-02-05,Ana,Vitaminas,9,2,129,127
993,2025-10-11,Jorge,Analgésicos,8,20,159,139
994,2025-07-21,Luis,Vitaminas,5,20,100,80
995,2025-03-02,Ana,Pediátricos,8,11,25,14
996,2025-08-30,Luis,Pediátricos,8,10,112,102
997,2025-06-28,Luis,Analgésicos,5,10,148,138
998,2025-11-23,Carla,Antibioticos,4,2,96,94
999,2025-05-25,Luis,Antibioticos,7,10,162,152
1000,2025-09-29,Ana,Pediátricos,9,12,66,54
1001,2025-01-03,Carla,Vitaminas,0,7,137,130
1002,2025-09-12,Jorge,Vitaminas,8,7,197,190
1003,2025-11-16,Luis,Pediátricos,8,7,33,26
1004,2025-04-19,Luis,Antibioticos,5,20,175,155
1005,2025-12-14,Carla,Analgésicos,10,15,115,100
1006,2025-07-28,Carla,Vitaminas,2,14,144,130
1007,2025-11-23,Luis,Analgésicos,4,17,72,55
1008,2025-01-27,Luis,Vitaminas,2,11,83,72
1009,2025-07-15,Jorge,Antibioticos,7,8,88,80
1010,2025-03-17,Jorge,Analgésicos,5,20,89,69
1011,2025-06-25,Ana,Antibioticos,11,10,178,168
1012,2025-05-29,Luis,Vitaminas,4,10,97,87
1013,2025-10-08,Luis,Pediátricos,6,6,118,112
1014,2025-04-01,Luis,Analgésicos,6,6,136,130
1015,2025-10-15,Ana,Antibioticos,9,13,194,181
1016,2025-11-24,Luis,Pediátricos,6,18,112,94
1017,2025-08-31,Carla,Analgésicos,9,2,177,175
1018,2025-08-30,Ana,Pediátricos,7,13,145,132
1019,2025-06-16,Carla,Antibioticos,5,8,60,52
1020,2025-05-12,Luis,Vitaminas,4,1,93,92
1021,2025-05-24,Ana,Pediátricos,9,6,128,122
1022,2025-03-22,Jorge,Vitaminas,10,4,109,105
1023,2025-12-14,Luis,Antibioticos,6,19,73,54
1024,2025-11-04,Luis,Pediátricos,6,7,137,130
1025,2025-05-13,Carla,Antibioticos,4,18,66,48
1026,2025-12-25,Carla,Pediátricos,10,13,139,126
1027,2025-07-12,Jorge,Antibioticos,6,8,44,36
1028,2025-10-06,Ana,Vitaminas,9,18,156,138
1029,2025-08-16,Luis,Analgésicos,3,16,120,104
1030,2025-04-08,Ana,Vitaminas,8,15,127,112
1031,2025-09-04,Ana,Pediátricos,9,6,143,137
1032,2025-08-28,Jorge,Pediátricos,5,16,83,67
1033,2025-10-04,Carla,Analgésicos,7,20,33,13
1034,2025-02-13,Carla,Antibioticos,4,7,104,97
1035,2025-07-01,Carla,Vitaminas,0,13,49,36
1036,2025-07-14,Jorge,Analgésicos,5,20,23,3
1037,2025-05-17,Luis,Pediátricos,7,5,42,37
1038,2025-06-16,Carla,Vitaminas,2,20,59,39
1039,2025-02-03,Carla,Analgésicos,8,14,26,12
1040,2025-03-15,Ana,Vitaminas,6,13,185,172
1041,2025-12-15,Jorge,Analgésicos,7,9,96,87
1042,2025-02-04,Luis,Analgésicos,4,1,101,100
1043,2025-02-17,Ana,Pediátricos,10,6,162,156
1044,2025-09-11,Luis,Antibioticos,5,19,138,119
1045,2025-01-23,Carla,Pediátricos,9,8,69,61
1046,2025-09-15,Carla,Antibioticos,6,13,169,156
1047,2025-02-07,Ana,Antibioticos,10,11,75,64
1048,2025-02-17,Jorge,Analgésicos,6,16,24,8
1049,2025-04-27,Jorge,Vitaminas,8,7,183,176
1050,2025-06-15,Jorge,Analgésicos,6,16,99,83
1051,2025-11-24,Jorge,Antibioticos,9,3,157,154
1052,2025-12-14,Ana,Vitaminas,9,8,36,28
1053,2025-01-12,Jorge,Pediátricos,5,3,89,86
1054,2025-01-20,Carla,Analgésicos,8,17,98,81
1055,2025-10-29,Carla,Antibioticos,5,14,29,15
1056,2025-05-27,Jorge,Pediátricos,5,16,180,164
1057,2025-04-08,Jorge,Antibioticos,8,18,112,94
1058,2025-06-17,Ana,Analgésicos,3,15,61,46
1059,2025-01-05,Jorge,Analgésicos,7,14,89,75
1060,2025-08-23,Carla,Pediátricos,7,4,101,97
1061,2025-12-19,Luis,Antibioticos,7,5,193,188
1062,2025-10-04,Ana,Vitaminas,6,17,106,89
1063,2025-05-01,Ana,Analgésicos,4,20,42,22
1064,2025-01-03,Jorge,Pediátricos,4,4,44,40
1065,2025-09-10,Ana,Analgésicos,3,3,169,166
1066,2025-07-16,Ana,Vitaminas,6,6,51,45
1067,2025-08-17,Ana,Vitaminas,6,2,171,169
1068,2025-07-14,Luis,Pediátricos,6,13,148,135
1069,2025-10-31,Jorge,Analgésicos,5,20,106,86
1070,2025-02-14,Luis,Vitaminas,3,13,70,57
1071,2025-12-18,Jorge,Vitaminas,10,5,124,119
1072,2025-06-28,Carla,Antibioticos,7,18,149,131
1073,2025-10-13,Ana,Antibioticos,9,19,64,45
1074,2025-06-15,Carla,Antibioticos,5,19,138,119
1075,2025-05-11,Luis,Analgésicos,6,3,102,99
1076,2025-01-03,Ana,Analgésicos,4,12,118,106
1077,2025-07-16,Luis,Analgésicos,5,6,102,96
1078,2025-02-14,Luis,Vitaminas,4,18,36,18
1079,2025-09-16,Carla,Antibioticos,6,20,90,70
1080,2025-08-08,Luis,Pediátricos,6,9,55,46
1081,2025-05-23,Luis,Antibioticos,8,3,55,52
1082,2025-11-06,Carla,Vitaminas,3,3,196,193
1083,2025-08-30,Jorge,Analgésicos,5,11,184,173
1084,2025-07-15,Luis,Vitaminas,3,11,147,136
1085,2025-06-16,Jorge,Analgésicos,6,5,103,98
1086,2025-11-20,Ana,Vitaminas,9,10,31,21
1087,2025-08-23,Luis,Pediátricos,7,13,200,187
1088,2025-11-04,Jorge,Analgésicos,8,18,33,15
1089,2025-12-03,Jorge,Pediátricos,6,11,62,51
1090,2025-11-28,Luis,Antibioticos,8,5,151,146
1091,2025-04-18,Jorge,Analgésicos,6,9,106,97
1092,2025-11-09,Luis,Pediátricos,9,17,165,148
1093,2025-06-01,Jorge,Antibioticos,6,6,49,43
1094,2025-05-02,Jorge,Vitaminas,8,7,62,55
1095,2025-09-16,Luis,Antibioticos,5,5,162,157
1096,2025-11-17,Jorge,Analgésicos,6,13,45,32
1097,2025-05-19,Carla,Analgésicos,10,5,22,17
1098,2025-02-02,Jorge,Vitaminas,10,7,91,84
1099,2025-06-30,Ana,Analgésicos,1,6,63,57
1100,2025-07-12,Ana,Antibioticos,9,17,175,158
1101,2025-05-11,Jorge,Pediátricos,5,9,103,94
1102,2025-07-14,Ana,Analgésicos,2,18,66,48
1103,2025-10-04,Ana,Pediátricos,8,4,107,103
1104,2025-08-30,Jorge,Analgésicos,7,15,152,137
1105,2025-07-06,Ana,Vitaminas,7,17,29,12
1106,2025-04-15,Jorge,Antibioticos,9,17,113,96
1107,2025-11-15,Carla,Antibioticos,5,14,191,177
1108,2025-04-27,Jorge,Analgésicos,8,18,197,179
1109,2025-11-02,Ana,Pediátricos,9,9,98,89
1110,2025-04-17,Ana,Antibioticos,11,1,168,167
1111,2025-04-16,Ana,Analgésicos,3,11,42,31
1112,2025-12-09,Jorge,Antibioticos,9,6,108,102
1113,2025-11-14,Ana,Pediátricos,7,9,177,168
1114,2025-02-08,Jorge,Antibioticos,6,14,94,80
1115,2025-01-15,Ana,Analgésicos,4,19,122,103
1116,2025-08-08,Carla,Antibioticos,7,1,93,92
1117,2025-12-21,Carla,Pediátricos,10,12,154,142
1118,2025-12-29,Jorge,Analgésicos,6,2,111,109
1119,2025-10-11,Luis,Vitaminas,2,20,130,110
1120,2025-08-14,Carla,Vitaminas,0,20,155,135
1121,2025-01-10,Jorge,Analgésicos,5,9,153,144
1122,2025-05-03,Luis,Vitaminas,3,2,179,177
1123,2025-12-30,Luis,Antibioticos,5,12,131,119
1124,2025-06-02,Ana,Pediátricos,10,6,193,187
1125,2025-06-27,Jorge,Antibioticos,9,17,25,8
1126,2025-11-07,Jorge,Pediátricos,4,4,154,150
1127,2025-04-29,Ana,Vitaminas,9,1,168,167
1128,2025-09-14,Luis,Vitaminas,2,13,150,137
1129,2025-02-08,Jorge,Vitaminas,9,4,23,19
1130,2025-06-05,Jorge,Pediátricos,6,2,24,22
1131,2025-08-31,Jorge,Vitaminas,8,13,66,53
1132,2025-07-10,Ana,Antibioticos,8,14,199,185
1133,2025-02-08,Ana,Antibioticos,8,12,147,135
1134,2025-05-19,Luis,Antibioticos,6,18,99,81
1135,2025-08-18,Carla,Analgésicos,7,7,108,101
1136,2025-09-02,Carla,Pediátricos,7,5,148,143
1137,2025-08-07,Carla,Analgésicos,7,9,54,45
1138,2025-05-04,Carla,Antibioticos,4,4,65,61
1139,2025-05-01,Jorge,Antibioticos,9,8,136,128
1140,2025-09-15,Ana,Analgésicos,2,10,82,72
1141,2025-01-09,Jorge,Vitaminas,11,18,171,153
1142,2025-07-04,Ana,Antibioticos,11,6,128,122
1143,2025-10-19,Luis,Antibioticos,5,7,64,57
1144,2025-04-23,Ana,Analgésicos,1,20,182,162
1145,2025-06-25,Carla,Antibioticos,5,8,58,50
1146,2025-08-21,Carla,Vitaminas,0,9,186,177
1147,2025-01-13,Jorge,Pediátricos,3,16,39,23
1148,2025-07-13,Carla,Vitaminas,0,10,113,103
1149,2025-04-28,Luis,Antibioticos,8,20,71,51
1150,2025-06-29,Luis,Antibioticos,8,19,187,168
1151,2025-10-17,Jorge,Pediátricos,6,2,200,198
1152,2025-09-13,Jorge,Analgésicos,6,4,65,61
1153,2025-07-13,Carla,Antibioticos,4,2,124,122
1154,2025-01-29,Luis,Vitaminas,4,18,26,8
1155,2025-09-18,Luis,Antibioticos,7,3,93,90
1156,2025-07-01,Ana,Vitaminas,9,13,165,152
1157,2025-04-27,Ana,Vitaminas,9,15,169,154
1158,2025-01-26,Luis,Antibioticos,7,18,60,42
1159,2025-11-19,Carla,Analgésicos,7,9,41,32
1160,2025-11-27,Ana,Analgésicos,4,13,107,94
1161,2025-12-24,Ana,Antibioticos,9,17,61,44
1162,2025-04-05,Carla,Pediátricos,10,17,65,48
1163,2025-01-27,Jorge,Analgésicos,7,6,23,17
1164,2025-02-19,Jorge,Analgésicos,6,14,34,20
1165,2025-06-25,Luis,Pediátricos,8,12,167,155
1166,2025-02-15,Ana,Antibioticos,9,16,116,100
1167,2025-03-17,Carla,Analgésicos,10,12,51,39
1168,2025-01-27,Jorge,Pediátricos,3,17,167,150
1169,2025-09-15,Luis,Antibioticos,8,10,199,189
1170,2025-10-05,Luis,Antibioticos,5,11,149,138
1171,2025-10-17,Ana,Pediátricos,8,12,98,86
1172,2025-10-23,Jorge,Vitaminas,10,11,156,145
1173,2025-05-15,Ana,Antibioticos,8,13,42,29
1174,2025-03-20,Ana,Analgésicos,2,12,128,116
1175,2025-09-06,Ana,Pediátricos,7,10,154,144
1176,2025-05-18,Jorge,Analgésicos,7,7,111,104
1177,2025-03-26,Luis,Analgésicos,6,17,67,50
1178,2025-11-18,Jorge,Antibioticos,8,8,101,93
1179,2025-06-30,Jorge,Analgésicos,6,13,109,96
1180,2025-10-03,Carla,Pediátricos,9,10,65,55
1181,2025-05-23,Carla,Analgésicos,9,12,79,67
1182,2025-05-15,Jorge,Pediátricos,5,17,99,82
1183,2025-12-03,Carla,Pediátricos,9,16,84,68
1184,2025-08-28,Carla,Analgésicos,10,19,107,88
1185,2025-03-09,Jorge,Vitaminas,10,1,56,55
1186,2025-02-06,Carla,Analgésicos,7,8,69,61
1187,2025-12-25,Luis,Pediátricos,7,4,56,52
1188,2025-09-30,Carla,Antibioticos,5,16,97,81
1189,2025-06-08,Carla,Analgésicos,10,8,78,70
1190,2025-05-19,Carla,Antibioticos,5,1,87,86
1191,2025-07-14,Luis,Antibioticos,7,15,178,163
1192,2025-08-26,Luis,Antibioticos,5,15,139,124
1193,2025-11-08,Carla,Analgésicos,10,7,117,110
1194,2025-05-21,Carla,Analgésicos,7,16,33,17
1195,2025-05-20,Ana,Analgésicos,3,7,93,86
1196,2025-03-01,Ana,Pediátricos,7,6,40,34
1197,2025-09-23,Carla,Vitaminas,0,12,24,12
1198,2025-02-14,Carla,Pediátricos,7,12,75,63
1199,2025-07-15,Ana,Pediátricos,9,5,78,73
1200,2025-01-14,Ana,Vitaminas,8,18,36,18
1201,2025-08-19,Luis,Vitaminas,4,18,161,143
1202,2025-11-29,Ana,Vitaminas,8,4,41,37
1203,2025-03-20,Jorge,Analgésicos,5,10,106,96
1204,2025-11-12,Jorge,Vitaminas,10,15,161,146
1205,2025-12-04,Jorge,Analgésicos,8,5,35,30
1206,2025-04-09,Ana,Vitaminas,7,12,174,162
1207,2025-03-19,Luis,Antibioticos,5,9,58,49
1208,2025-10-07,Jorge,Vitaminas,10,12,45,33
1209,2025-04-30,Luis,Analgésicos,3,6,166,160
1210,2025-11-14,Jorge,Pediátricos,6,1,65,64
1211,2025-09-03,Luis,Pediátricos,6,2,198,196
1212,2025-04-19,Luis,Pediátricos,6,12,174,162
1213,2025-10-29,Luis,Vitaminas,4,8,200,192
1214,2025-09-28,Jorge,Antibioticos,6,12,157,145
1215,2025-12-17,Ana,Pediátricos,9,19,153,134
1216,2025-03-15,Jorge,Pediátricos,5,18,38,20
1217,2025-06-18,Luis,Antibioticos,6,6,62,56
1218,2025-06-06,Ana,Vitaminas,9,20,200,180
1219,2025-02-05,Carla,Analgésicos,8,11,106,95
1220,2025-09-04,Carla,Vitaminas,3,20,137,117
1221,2025-03-21,Luis,Analgésicos,5,4,169,165
1222,2025-07-26,Ana,Antibioticos,10,5,104,99
1223,2025-02-28,Jorge,Antibioticos,9,1,71,70
1224,2025-04-12,Jorge,Vitaminas,11,17,153,136
1225,2025-05-19,Carla,Analgésicos,8,16,137,121
1226,2025-04-14,Ana,Analgésicos,2,19,190,171
1227,2025-02-03,Ana,Antibioticos,8,19,60,41
1228,2025-05-15,Carla,Vitaminas,0,7,112,105
1229,2025-03-09,Jorge,Analgésicos,6,15,141,126
1230,2025-01-10,Carla,Pediátricos,9,16,34,18
1231,2025-06-27,Luis,Pediátricos,9,5,48,43
1232,2025-03-23,Luis,Antibioticos,5,9,78,69
1233,2025-12-14,Luis,Vitaminas,2,2,153,151
1234,2025-09-04,Luis,Antibioticos,5,18,58,40
1235,2025-04-15,Luis,Antibioticos,8,20,173,153
1236,2025-01-10,Luis,Pediátricos,8,11,164,153
1237,2025-03-13,Jorge,Antibioticos,8,2,140,138
1238,2025-01-27,Carla,Antibioticos,4,10,179,169
1239,2025-05-29,Jorge,Antibioticos,6,18,35,17
1240,2025-09-26,Ana,Antibioticos,8,18,56,38
1241,2025-07-06,Jorge,Vitaminas,9,10,182,172
1242,2025-02-24,Jorge,Pediátricos,4,6,25,19
1243,2025-11-10,Luis,Analgésicos,4,11,22,11
1244,2025-08-31,Luis,Pediátricos,8,18,180,162
1245,2025-10-05,Jorge,Pediátricos,3,1,43,42
1246,2025-03-01,Ana,Antibioticos,9,16,122,106
1247,2025-03-25,Luis,Pediátricos,6,4,87,83
1248,2025-01-26,Luis,Vitaminas,5,1,86,85
1249,2025-08-06,Carla,Antibioticos,5,10,188,178
1250,2025-02-10,Jorge,Antibioticos,8,19,185,166
1251,2025-11-19,Jorge,Analgésicos,5,6,169,163
1252,2025-02-11,Jorge,Pediátricos,6,6,63,57
1253,2025-09-23,Luis,Antibioticos,7,14,197,183
1254,2025-01-27,Luis,Antibioticos,6,4,197,193
1255,2025-08-12,Jorge,Pediátricos,5,6,197,191
1256,2025-12-17,Luis,Antibioticos,7,9,94,85
1257,2025-11-30,Carla,Pediátricos,8,14,178,164
1258,2025-08-04,Jorge,Pediátricos,3,3,51,48
1259,2025-08-26,Luis,Analgésicos,3,20,179,159
1260,2025-05-20,Ana,Pediátricos,10,5,170,165
1261,2025-05-11,Luis,Antibioticos,7,16,63,47
1262,2025-01-08,Ana,Pediátricos,8,19,94,75
1263,2025-09-07,Jorge,Vitaminas,8,20,26,6
1264,2025-12-01,Ana,Vitaminas,9,11,112,101
1265,2025-03-30,Ana,Analgésicos,3,10,186,176
1266,2025-10-07,Luis,Vitaminas,4,8,153,145
1267,2025-07-28,Luis,Vitaminas,5,8,56,48
1268,2025-11-21,Luis,Antibioticos,7,13,35,22
1269,2025-09-23,Carla,Pediátricos,9,18,82,64
1270,2025-09-05,Jorge,Antibioticos,6,7,76,69
1271,2025-01-15,Carla,Pediátricos,7,7,179,172
1272,2025-03-13,Jorge,Antibioticos,8,4,106,102
1273,2025-06-22,Jorge,Antibioticos,9,14,55,41
1274,2025-05-04,Jorge,Analgésicos,7,17,74,57
1275,2025-07-28,Ana,Pediátricos,8,2,76,74
1276,2025-09-11,Carla,Pediátricos,7,15,89,74
1277,2025-01-11,Carla,Vitaminas,0,15,154,139
1278,2025-07-24,Luis,Pediátricos,9,6,24,18
1279,2025-11-16,Luis,Vitaminas,2,3,65,62
1280,2025-07-17,Luis,Analgésicos,6,1,170,169
1281,2025-04-12,Ana,Analgésicos,1,18,34,16
1282,2025-05-11,Ana,Antibioticos,8,13,109,96
1283,2025-05-06,Jorge,Vitaminas,8,10,42,32
1284,2025-02-04,Jorge,Analgésicos,7,18,89,71
1285,2025-11-26,Luis,Pediátricos,7,15,133,118
1286,2025-11-04,Jorge,Pediátricos,3,10,45,35
1287,2025-09-20,Carla,Analgésicos,10,1,44,43
1288,2025-10-01,Jorge,Antibioticos,9,17,141,124
1289,2025-10-01,Luis,Vitaminas,3,5,87,82
1290,2025-06-10,Carla,Antibioticos,6,16,127,111
1291,2025-03-06,Jorge,Pediátricos,5,17,137,120
1292,2025-06-21,Ana,Antibioticos,11,11,171,160
1293,2025-07-02,Carla,Analgésicos,10,7,71,64
1294,2025-07-07,Ana,Analgésicos,1,7,167,160
1295,2025-12-19,Luis,Antibioticos,6,17,107,90
1296,2025-06-09,Carla,Pediátricos,8,1,26,25
1297,2025-10-11,Carla,Vitaminas,3,18,119,101
1298,2025-09-30,Ana,Antibioticos,8,11,46,35
1299,2025-11-02,Jorge,Analgésicos,6,13,160,147
1300,2025-11-21,Luis,Vitaminas,5,17,199,182
1301,2025-04-07,Carla,Antibioticos,4,20,93,73
1302,2025-03-06,Ana,Analgésicos,2,13,146,133
1303,2025-04-02,Luis,Antibioticos,7,16,22,6
1304,2025-12-17,Jorge,Pediátricos,4,7,157,150
1305,2025-01-02,Carla,Antibioticos,6,7,193,186
1306,2025-06-21,Luis,Pediátricos,7,1,123,122
1307,2025-09-01,Carla,Pediátricos,7,10,113,103
1308,2025-06-03,Jorge,Pediátricos,3,6,128,122
1309,2025-10-08,Luis,Vitaminas,5,14,35,21
1310,2025-12-15,Carla,Vitaminas,2,18,156,138
1311,2025-09-25,Luis,Vitaminas,5,6,92,86
1312,2025-02-09,Ana,Pediátricos,9,5,180,175
1313,2025-07-25,Carla,Pediátricos,9,7,98,91
1314,2025-04-29,Ana,Antibioticos,8,2,24,22
1315,2025-10-04,Carla,Pediátricos,9,5,176,171
1316,2025-02-18,Luis,Analgésicos,6,7,51,44
1317,2025-05-28,Ana,Pediátricos,9,6,75,69
1318,2025-01-26,Jorge,Pediátricos,3,4,93,89
1319,2025-03-20,Luis,Vitaminas,2,19,44,25
1320,2025-07-30,Luis,Analgésicos,4,13,193,180
1321,2025-01-29,Carla,Antibioticos,6,13,167,154
1322,2025-07-12,Jorge,Vitaminas,8,6,118,112
1323,2025-10-01,Luis,Vitaminas,4,19,76,57
1324,2025-03-27,Jorge,Analgésicos,5,19,63,44
1325,2025-04-20,Jorge,Pediátricos,5,17,155,138
1326,2025-10-31,Ana,Pediátricos,7,2,55,53
1327,2025-05-15,Jorge,Vitaminas,11,2,72,70
1328,2025-06-23,Jorge,Pediátricos,6,12,166,154
1329,2025-06-20,Luis,Antibioticos,8,1,107,106
1330,2025-12-09,Luis,Vitaminas,4,3,146,143
1331,2025-04-14,Ana,Vitaminas,6,4,141,137
1332,2025-04-12,Luis,Analgésicos,5,14,145,131
1333,2025-12-07,Ana,Antibioticos,9,2,68,66
1334,2025-01-16,Luis,Antibioticos,5,8,35,27
1335,2025-07-08,Carla,Vitaminas,0,7,149,142
1336,2025-02-02,Jorge,Pediátricos,6,15,179,164
1337,2025-09-24,Carla,Pediátricos,9,9,147,138
1338,2025-03-13,Ana,Analgésicos,2,1,75,74
1339,2025-05-31,Jorge,Pediátricos,6,17,177,160
1340,2025-10-08,Ana,Vitaminas,6,19,127,108
1341,2025-05-15,Luis,Analgésicos,4,14,35,21
1342,2025-04-29,Ana,Antibioticos,9,2,95,93
1343,2025-04-18,Ana,Antibioticos,10,1,22,21
1344,2025-03-04,Carla,Antibioticos,5,15,52,37
1345,2025-06-18,Luis,Vitaminas,2,15,28,13
1346,2025-07-28,Carla,Antibioticos,5,9,82,73
1347,2025-11-18,Ana,Antibioticos,11,13,123,110
1348,2025-12-11,Carla,Antibioticos,5,17,193,176
1349,2025-12-31,Carla,Vitaminas,3,8,135,127
1350,2025-11-30,Carla,Pediátricos,9,17,116,99
1351,2025-06-19,Carla,Analgésicos,10,2,21,19
1352,2025-01-15,Carla,Pediátricos,9,10,176,166
1353,2025-02-04,Jorge,Analgésicos,7,13,91,78
1354,2025-11-10,Jorge,Pediátricos,4,6,33,27
1355,2025-08-31,Luis,Analgésicos,6,9,136,127
1356,2025-08-19,Ana,Analgésicos,4,11,130,119
1357,2025-05-20,Carla,Vitaminas,2,12,81,69
1358,2025-10-25,Jorge,Antibioticos,6,16,83,67
1359,2025-12-08,Jorge,Antibioticos,8,2,155,153
1360,2025-04-26,Ana,Analgésicos,1,17,151,134
1361,2025-10-06,Luis,Analgésicos,6,18,20,2
1362,2025-06-24,Ana,Vitaminas,9,20,187,167
1363,2025-07-12,Carla,Vitaminas,3,10,98,88
1364,2025-07-10,Luis,Analgésicos,5,6,41,35
1365,2025-07-27,Carla,Analgésicos,8,12,200,188
1366,2025-04-14,Luis,Pediátricos,9,15,101,86
1367,2025-08-22,Luis,Pediátricos,8,1,166,165
1368,2025-11-04,Ana,Pediátricos,9,18,37,19
1369,2025-04-13,Carla,Analgésicos,9,2,42,40
1370,2025-04-09,Ana,Vitaminas,6,10,85,75
1371,2025-10-12,Luis,Antibioticos,8,17,138,121
1372,2025-06-25,Carla,Vitaminas,2,10,147,137
1373,2025-08-11,Carla,Antibioticos,4,18,49,31
1374,2025-06-11,Ana,Vitaminas,9,9,95,86
1375,2025-01-17,Luis,Analgésicos,4,4,52,48
1376,2025-04-13,Jorge,Analgésicos,5,12,140,128
1377,2025-01-02,Luis,Vitaminas,2,10,111,101
1378,2025-07-02,Carla,Analgésicos,7,13,47,34
1379,2025-11-12,Carla,Analgésicos,8,14,91,77
1380,2025-06-06,Ana,Pediátricos,8,5,199,194
1381,2025-02-17,Carla,Antibioticos,6,6,24,18
1382,2025-03-04,Ana,Antibioticos,8,13,66,53
1383,2025-04-16,Luis,Pediátricos,8,17,47,30
1384,2025-04-21,Carla,Pediátricos,10,13,158,145
1385,2025-01-18,Luis,Pediátricos,9,7,131,124
1386,2025-05-05,Jorge,Vitaminas,9,5,130,125
1387,2025-03-07,Jorge,Vitaminas,9,13,121,108
1388,2025-07-28,Ana,Vitaminas,7,17,141,124
1389,2025-12-28,Ana,Analgésicos,3,13,128,115
1390,2025-06-10,Carla,Analgésicos,9,3,147,144
1391,2025-10-27,Jorge,Analgésicos,6,9,42,33
1392,2025-05-06,Jorge,Pediátricos,5,8,141,133
1393,2025-03-24,Carla,Pediátricos,10,17,85,68
1394,2025-06-10,Ana,Antibioticos,10,17,155,138
1395,2025-09-04,Ana,Antibioticos,8,15,111,96
1396,2025-01-21,Luis,Pediátricos,8,9,95,86
1397,2025-09-13,Luis,Analgésicos,6,9,33,24
1398,2025-01-25,Carla,Analgésicos,10,1,151,150
1399,2025-12-24,Luis,Antibioticos,8,13,71,58
1400,2025-07-04,Ana,Vitaminas,8,2,146,144
1401,2025-08-21,Ana,Pediátricos,9,4,34,30
1402,2025-11-23,Jorge,Antibioticos,8,3,104,101
1403,2025-07-25,Carla,Analgésicos,8,11,38,27
1404,2025-01-03,Carla,Analgésicos,8,10,90,80
1405,2025-12-21,Jorge,Antibioticos,7,11,125,114
1406,2025-03-29,Carla,Vitaminas,1,16,149,133
1407,2025-05-21,Jorge,Analgésicos,6,18,132,114
1408,2025-12-14,Luis,Analgésicos,5,7,198,191
1409,2025-07-22,Jorge,Antibioticos,9,17,158,141
1410,2025-09-21,Ana,Analgésicos,1,16,148,132
1411,2025-01-16,Carla,Analgésicos,7,12,170,158
1412,2025-11-18,Jorge,Analgésicos,7,11,43,32
1413,2025-03-22,Jorge,Analgésicos,5,2,104,102
1414,2025-09-19,Carla,Vitaminas,1,1,182,181
1415,2025-11-14,Jorge,Antibioticos,8,17,190,173
1416,2025-07-04,Ana,Antibioticos,10,4,179,175
1417,2025-01-13,Jorge,Pediátricos,5,12,65,53
1418,2025-06-06,Carla,Antibioticos,5,6,46,40
1419,2025-11-26,Jorge,Analgésicos,5,5,73,68
1420,2025-08-10,Ana,Analgésicos,4,9,173,164
1421,2025-09-12,Jorge,Analgésicos,6,4,190,186
1422,2025-07-27,Carla,Analgésicos,9,20,55,35
1423,2025-07-08,Jorge,Antibioticos,6,11,200,189
1424,2025-02-09,Jorge,Pediátricos,3,8,43,35
1425,2025-01-06,Luis,Pediátricos,8,8,117,109
1426,2025-07-12,Luis,Analgésicos,5,7,118,111
1427,2025-09-21,Luis,Antibioticos,5,20,159,139
1428,2025-08-14,Luis,Analgésicos,3,3,60,57
1429,2025-10-20,Luis,Vitaminas,2,20,154,134
1430,2025-01-11,Luis,Analgésicos,5,18,196,178
1431,2025-03-29,Carla,Antibioticos,7,20,119,99
1432,2025-12-12,Jorge,Vitaminas,9,15,60,45
1433,2025-03-03,Jorge,Antibioticos,8,6,55,49
1434,2025-03-19,Carla,Pediátricos,10,2,22,20
1435,2025-09-06,Luis,Analgésicos,6,17,98,81
1436,2025-01-11,Carla,Antibioticos,6,18,161,143
1437,2025-09-27,Ana,Antibioticos,10,17,125,108
1438,2025-03-23,Luis,Analgésicos,3,12,182,170
1439,2025-07-04,Jorge,Pediátricos,5,6,187,181
1440,2025-12-14,Carla,Vitaminas,3,19,102,83
1441,2025-10-30,Jorge,Vitaminas,11,6,187,181
1442,2025-04-11,Luis,Antibioticos,7,18,85,67
1443,2025-03-23,Carla,Vitaminas,3,15,58,43
1444,2025-02-20,Carla,Vitaminas,2,5,155,150
1445,2025-04-06,Ana,Analgésicos,3,15,96,81
1446,2025-03-23,Jorge,Analgésicos,6,12,86,74
1447,2025-01-02,Luis,Antibioticos,5,1,154,153
1448,2025-10-31,Luis,Pediátricos,7,4,64,60
1449,2025-10-17,Ana,Vitaminas,7,14,163,149
1450,2025-10-09,Jorge,Analgésicos,6,13,31,18
1451,2025-08-25,Ana,Vitaminas,9,2,109,107
1452,2025-08-05,Jorge,Antibioticos,6,16,136,120
1453,2025-05-26,Carla,Antibioticos,4,6,135,129
1454,2025-07-04,Jorge,Antibioticos,9,1,46,45
1455,2025-07-25,Luis,Pediátricos,7,12,86,74
1456,2025-11-03,Carla,Antibioticos,5,14,93,79
1457,2025-05-08,Luis,Pediátricos,6,18,195,177
1458,2025-08-25,Carla,Pediátricos,8,8,29,21
1459,2025-09-22,Jorge,Antibioticos,7,2,176,174
1460,2025-06-12,Carla,Antibioticos,5,12,151,139
1461,2025-02-17,Luis,Vitaminas,3,17,139,122
1462,2025-01-30,Luis,Vitaminas,3,12,134,122
1463,2025-09-18,Luis,Analgésicos,3,11,76,65
1464,2025-02-16,Jorge,Vitaminas,11,6,68,62
1465,2025-02-10,Luis,Pediátricos,8,1,172,171
1466,2025-02-13,Carla,Analgésicos,7,8,153,145
1467,2025-12-26,Luis,Analgésicos,5,1,32,31
1468,2025-06-08,Luis,Antibioticos,8,18,64,46
1469,2025-03-18,Jorge,Analgésicos,6,11,44,33
1470,2025-03-27,Jorge,Pediátricos,3,6,78,72
1471,2025-04-11,Luis,Antibioticos,8,13,66,53
1472,2025-09-11,Carla,Pediátricos,9,6,122,116
1473,2025-11-20,Ana,Antibioticos,9,12,174,162
1474,2025-09-22,Jorge,Analgésicos,7,5,117,112
1475,2025-04-19,Ana,Vitaminas,7,18,66,48
1476,2025-01-27,Carla,Vitaminas,2,14,76,62
1477,2025-04-02,Luis,Vitaminas,3,8,118,110
1478,2025-08-14,Jorge,Pediátricos,4,20,167,147
1479,2025-11-27,Luis,Vitaminas,5,17,117,100
1480,2025-12-29,Jorge,Analgésicos,5,20,96,76
1481,2025-03-17,Jorge,Pediátricos,6,20,138,118
1482,2025-08-17,Luis,Vitaminas,4,11,128,117
1483,2025-08-26,Carla,Antibioticos,6,5,133,128
1484,2025-08-12,Carla,Pediátricos,10,7,77,70
1485,2025-12-08,Jorge,Pediátricos,3,17,21,4
1486,2025-04-01,Jorge,Vitaminas,11,11,35,24
1487,2025-06-04,Luis,Antibioticos,7,17,91,74
1488,2025-02-18,Ana,Antibioticos,8,16,124,108
1489,2025-09-10,Jorge,Pediátricos,4,10,122,112
1490,2025-06-19,Jorge,Antibioticos,7,17,78,61
1491,2025-11-29,Jorge,Pediátricos,4,5,114,109
1492,2025-08-20,Luis,Analgésicos,5,1,196,195
1493,2025-08-30,Jorge,Antibioticos,8,16,74,58
1494,2025-04-29,Ana,Vitaminas,7,1,60,59
1495,2025-04-02,Luis,Pediátricos,7,1,191,190
1496,2025-12-18,Luis,Antibioticos,7,20,34,14
1497,2025-10-28,Luis,Analgésicos,4,1,65,64
1498,2025-04-26,Luis,Analgésicos,3,5,137,132
1499,2025-02-28,Ana,Pediátricos,10,5,70,65
1500,2025-12-21,Jorge,Analgésicos,5,19,137,118
